normalized_url,gsc_source_url,spider_source_url,in_gsc,in_spider,clicks,impressions,ctr,position,status_code,content_type,indexability,indexability_status,canonical_url,meta_robots,x_robots_tag,title,meta_description,h1,word_count,internal_links,unique_internal_links,redirect_url,redirect_type,structured_data,hreflang
https://encuentratucoach.es/,https://encuentratucoach.es/,https://encuentratucoach.es/,YES,YES,127,1886,0.0673,17.47,200,text/html; charset=utf-8,Indexable,,https://encuentratucoach.es/,,,Buscar coach en España y online,"Busca coach en España por ciudad, especialidad, modalidad y presupuesto. Directorio para comparar perfiles reales y contactar directamente.","Encuentra un coach que encaje contigo por objetivo, ciudad y presupuesto",1134,612,204,,,UNSPECIFIED,UNSPECIFIED
https://encuentratucoach.es/coaches/nuria,https://encuentratucoach.es/coaches/nuria/,,YES,NO,6,126,0.047599999999999996,5.94,,,,,,,,,,,,,,,,UNSPECIFIED,UNSPECIFIED
https://encuentratucoach.es/buscar-coach-madrid,https://encuentratucoach.es/buscar-coach-madrid/,https://encuentratucoach.es/buscar-coach-madrid,YES,YES,5,1794,0.0028000000000000004,59.82,308,,No indexable,Redirigido,,,,,,,0,0,0,https://encuentratucoach.es/coaches/ciudad/madrid,Redirección HTTP,UNSPECIFIED,UNSPECIFIED
https://encuentratucoach.es/coaches/ester-fernandez,https://encuentratucoach.es/coaches/ester-fernandez/,https://encuentratucoach.es/coaches/ester-fernandez,YES,YES,4,125,0.032,18.64,200,text/html; charset=utf-8,Indexable,,https://encuentratucoach.es/coaches/ester-fernandez,,,Ester Fernandez | Emocional en barcelona | EncuentraTuCoach,Ester Fernandez ofrece emocional en barcelona. Ideal para personas que buscan emocional con foco en life coaching.. Sesiones presencial. Precio desde 70 €.,Ester Fernandez,926,14,5,,,UNSPECIFIED,UNSPECIFIED
https://encuentratucoach.es/coaching-de-liderazgo-habilidades-clave-y-ejercicios-practicos-para-liderar-mejo,https://encuentratucoach.es/coaching-de-liderazgo-habilidades-clave-y-ejercicios-practicos-para-liderar-mejo/,,YES,NO,4,67,0.059699999999999996,40.58,,,,,,,,,,,,,,,,UNSPECIFIED,UNSPECIFIED
https://encuentratucoach.es/buscar-coach-en-barcelona,https://encuentratucoach.es/buscar-coach-en-barcelona/,https://encuentratucoach.es/buscar-coach-en-barcelona,YES,YES,3,460,0.006500000000000001,33.31,308,,No indexable,Redirigido,,,,,,,0,0,0,https://encuentratucoach.es/coaches/ciudad/barcelona,Redirección HTTP,UNSPECIFIED,UNSPECIFIED
https://encuentratucoach.es/coaches/ciudad/madrid,https://encuentratucoach.es/coaches/ciudad/madrid,https://encuentratucoach.es/coaches/ciudad/madrid,YES,YES,3,440,0.0068000000000000005,73.65,200,text/html; charset=utf-8,Indexable,,,,,Buscar coach en Madrid | EncuentraTuCoach,"Busca coach en Madrid por especialidad, modalidad, precio y señales de confianza. Compara perfiles y contacta directamente.",Encuentra coach en Madrid con mejor encaje,1168,244,204,,,UNSPECIFIED,UNSPECIFIED
https://encuentratucoach.es/coaching-personal,https://encuentratucoach.es/coaching-personal/,,YES,NO,3,76,0.0395,6.28,,,,,,,,,,,,,,,,UNSPECIFIED,UNSPECIFIED
https://encuentratucoach.es/el-poder-del-coaching-en-espana,https://encuentratucoach.es/el-poder-del-coaching-en-espana/,,YES,NO,3,40,0.075,8.35,,,,,,,,,,,,,,,,UNSPECIFIED,UNSPECIFIED
https://encuentratucoach.es/test1,https://encuentratucoach.es/test1/,,YES,NO,3,20,0.15,5.4,,,,,,,,,,,,,,,,UNSPECIFIED,UNSPECIFIED
https://encuentratucoach.es/que-es-el-coaching-y-para-que-sirve-guia-clara-con-ejemplos-reales,https://encuentratucoach.es/que-es-el-coaching-y-para-que-sirve-guia-clara-con-ejemplos-reales/,,YES,NO,2,87,0.023,31.89,,,,,,,,,,,,,,,,UNSPECIFIED,UNSPECIFIED
https://encuentratucoach.es/el-camino-hacia-el-exito-personal-con-coaching-en-espana,https://encuentratucoach.es/el-camino-hacia-el-exito-personal-con-coaching-en-espana/,,YES,NO,2,52,0.0385,13.08,,,,,,,,,,,,,,,,UNSPECIFIED,UNSPECIFIED
https://encuentratucoach.es/coaches/mayte-garcia-caneiro,https://encuentratucoach.es/coaches/mayte-garcia-caneiro/,https://encuentratucoach.es/coaches/mayte-garcia-caneiro,YES,YES,2,24,0.0833,8.96,200,text/html; charset=utf-8,Indexable,,https://encuentratucoach.es/coaches/mayte-garcia-caneiro,,,Mayte García Caneiro | Carrera en España | EncuentraTuCoach,Mayte García Caneiro ofrece carrera en España. Ideal para personas que buscan carrera con foco en estoy especializada en orientación profesional.. Sesiones o…,Mayte García Caneiro,776,14,5,,,UNSPECIFIED,UNSPECIFIED
https://encuentratucoach.es/portal-de-coaches,https://encuentratucoach.es/portal-de-coaches/,,YES,NO,1,353,0.0028000000000000004,10.87,,,,,,,,,,,,,,,,UNSPECIFIED,UNSPECIFIED
https://encuentratucoach.es/membresia-para-coaches,https://encuentratucoach.es/membresia-para-coaches/,,YES,NO,1,134,0.0075,6.22,,,,,,,,,,,,,,,,UNSPECIFIED,UNSPECIFIED
https://encuentratucoach.es/coaching-en-espana-potencia-crecimiento,https://encuentratucoach.es/coaching-en-espana-potencia-crecimiento/,,YES,NO,1,77,0.013000000000000001,10.82,,,,,,,,,,,,,,,,UNSPECIFIED,UNSPECIFIED
https://encuentratucoach.es/iniciar_sesion,https://encuentratucoach.es/iniciar_sesion/,,YES,NO,1,76,0.0132,3.33,,,,,,,,,,,,,,,,UNSPECIFIED,UNSPECIFIED
https://encuentratucoach.es/coaches/page/3,https://encuentratucoach.es/coaches/page/3/?filter=true&s=Bilbao&et_blog,,YES,NO,1,59,0.0169,8.93,,,,,,,,,,,,,,,,UNSPECIFIED,UNSPECIFIED
https://encuentratucoach.es/coaches_category/mujeres-emprendedoras,https://encuentratucoach.es/coaches_category/mujeres-emprendedoras/,,YES,NO,1,49,0.0204,8.67,,,,,,,,,,,,,,,,UNSPECIFIED,UNSPECIFIED
https://encuentratucoach.es/coaches/daniel-rios-serrano,https://encuentratucoach.es/coaches/daniel-rios-serrano/,https://encuentratucoach.es/coaches/daniel-rios-serrano,YES,YES,1,16,0.0625,7.88,200,text/html; charset=utf-8,Indexable,,https://encuentratucoach.es/coaches/daniel-rios-serrano,,,Daniel Rios Serrano | Fitness en Madrid | EncuentraTuCoach,Daniel Rios Serrano ofrece fitness en Madrid. Ideal para personas que buscan fitness con foco en nutrición y entrenamientos.. Sesiones online. Precio desde 4…,Daniel Rios Serrano,750,18,7,,,UNSPECIFIED,UNSPECIFIED
https://encuentratucoach.es/especialidades/fitness/barcelona,https://encuentratucoach.es/especialidades/fitness/barcelona/,,YES,NO,1,13,0.07690000000000001,32.62,,,,,,,,,,,,,,,,UNSPECIFIED,UNSPECIFIED
https://encuentratucoach.es/gestion-del-estres-con-coaching-tecnicas-limites-y-habitos-que-funcionan,https://encuentratucoach.es/gestion-del-estres-con-coaching-tecnicas-limites-y-habitos-que-funcionan/,,YES,NO,1,9,0.11109999999999999,29.33,,,,,,,,,,,,,,,,UNSPECIFIED,UNSPECIFIED
https://encuentratucoach.es/especialidades/auto-disciplina,https://encuentratucoach.es/especialidades/auto-disciplina/,,YES,NO,1,5,0.2,9.0,,,,,,,,,,,,,,,,UNSPECIFIED,UNSPECIFIED
https://encuentratucoach.es/mi-cuentaa/navigation,https://encuentratucoach.es/mi-cuentaa/navigation/,,YES,NO,1,4,0.25,18.5,,,,,,,,,,,,,,,,UNSPECIFIED,UNSPECIFIED
https://encuentratucoach.es/coaches/ana-isabel-marin-jodar,https://encuentratucoach.es/coaches/ana-isabel-marin-jodar,https://encuentratucoach.es/coaches/ana-isabel-marin-jodar,YES,YES,1,1,1.0,2.0,200,text/html; charset=utf-8,Indexable,,https://encuentratucoach.es/coaches/ana-isabel-marin-jodar,,,Ana Isabel Marín Jodar | Coach en barcelona | EncuentraTuCoach,Ana Isabel Marín Jodar ofrece confianza en sí mismo en barcelona. Ideal para personas que buscan confianza en sí mismo con foco en coach para la ansiedad.. S…,Ana Isabel Marín Jodar,1117,18,7,,,UNSPECIFIED,UNSPECIFIED
https://encuentratucoach.es/coaches/categoria/personal,https://encuentratucoach.es/coaches/categoria/personal,https://encuentratucoach.es/coaches/categoria/personal,YES,YES,0,920,0.0,77.69,200,text/html; charset=utf-8,Indexable,,,,,Buscar coaching personal en España | EncuentraTuCoach,"Busca coaches de desarrollo personal en España por ciudad, modalidad y precio. Compara perfiles y elige mejor.",Coaching personal para objetivos concretos y accionables,721,224,204,,,UNSPECIFIED,UNSPECIFIED
https://encuentratucoach.es/coaches,https://encuentratucoach.es/coaches,https://encuentratucoach.es/coaches/,YES,YES,0,319,0.0,72.32,308,,No indexable,Redirigido,,,,,,,0,5,5,https://encuentratucoach.es/coaches,Redirección HTTP,UNSPECIFIED,UNSPECIFIED
https://encuentratucoach.es/coaching-para-emprendedores-en-que-ayuda-y-como-elegir-el-coach-adecuado,https://encuentratucoach.es/coaching-para-emprendedores-en-que-ayuda-y-como-elegir-el-coach-adecuado/,https://encuentratucoach.es/coaching-para-emprendedores-en-que-ayuda-y-como-elegir-el-coach-adecuado,YES,YES,0,177,0.0,75.03,308,,No indexable,Redirigido,,,,,,,0,0,0,https://encuentratucoach.es/blog/coaching-para-emprendedores-en-que-ayuda-y-como-elegir-el-coach-adecuado,Redirección HTTP,UNSPECIFIED,UNSPECIFIED
https://encuentratucoach.es/coaches/tania-perez/page/3,https://encuentratucoach.es/coaches/tania-perez/page/3/?et_blog,,YES,NO,0,108,0.0,9.44,,,,,,,,,,,,,,,,UNSPECIFIED,UNSPECIFIED
https://encuentratucoach.es/coaches/inmaculada-martinez-sanchis,https://encuentratucoach.es/coaches/inmaculada-martinez-sanchis/,,YES,NO,0,107,0.0,14.09,,,,,,,,,,,,,,,,UNSPECIFIED,UNSPECIFIED
https://encuentratucoach.es/coaches/erick-moran,https://encuentratucoach.es/coaches/erick-moran/,https://encuentratucoach.es/coaches/erick-moran,YES,YES,0,106,0.0,8.81,200,text/html; charset=utf-8,Indexable,,https://encuentratucoach.es/coaches/erick-moran,,,Erick Moran | Carrera en barcelona | EncuentraTuCoach,Erick Moran ofrece carrera en barcelona. Ideal para personas que buscan carrera con foco en coaching inclusivo: he integrado mi preocupación por la equidad y…,Erick Moran,771,22,9,,,UNSPECIFIED,UNSPECIFIED
https://encuentratucoach.es/coaches/cristina-santos-aviles,https://encuentratucoach.es/coaches/cristina-santos-aviles/,https://encuentratucoach.es/coaches/cristina-santos-aviles,YES,YES,0,100,0.0,31.01,200,text/html; charset=utf-8,Indexable,,https://encuentratucoach.es/coaches/cristina-santos-aviles,,,Cristina Santos Avilés | Espiritual en Madrid | EncuentraTuCoach,Cristina Santos Avilés ofrece espiritual en Madrid. Ideal para personas que buscan espiritual con foco en 🔹 crecimiento personal y espiritual 🔹 autoconocim…,Cristina Santos Avilés,937,18,7,,,UNSPECIFIED,UNSPECIFIED
https://encuentratucoach.es/aviso-legal-y-terminos-y-condiciones,https://encuentratucoach.es/aviso-legal-y-terminos-y-condiciones/,,YES,NO,0,79,0.0,12.66,,,,,,,,,,,,,,,,UNSPECIFIED,UNSPECIFIED
https://encuentratucoach.es/politica-de-privacidad,https://encuentratucoach.es/politica-de-privacidad/,,YES,NO,0,79,0.0,6.1,,,,,,,,,,,,,,,,UNSPECIFIED,UNSPECIFIED
https://encuentratucoach.es/blog,https://encuentratucoach.es/blog,https://encuentratucoach.es/blog,YES,YES,0,76,0.0,59.22,200,text/html; charset=utf-8,Indexable,,https://encuentratucoach.es/blog,,,Blog | EncuentraTuCoach,"Guías, comparativas y contenido SEO sobre coaching en España.",Blog de coaching en España,298,409,204,,,UNSPECIFIED,UNSPECIFIED
https://encuentratucoach.es/buscar-coach-en-valencia,https://encuentratucoach.es/buscar-coach-en-valencia/,https://encuentratucoach.es/buscar-coach-en-valencia,YES,YES,0,68,0.0,28.32,308,,No indexable,Redirigido,,,,,,,0,0,0,https://encuentratucoach.es/coaches/ciudad/valencia,Redirección HTTP,UNSPECIFIED,UNSPECIFIED
https://encuentratucoach.es/coaches_category/espiritual,https://encuentratucoach.es/coaches_category/espiritual/,,YES,NO,0,66,0.0,2.83,,,,,,,,,,,,,,,,UNSPECIFIED,UNSPECIFIED
https://encuentratucoach.es/registrarse,https://encuentratucoach.es/registrarse/,,YES,NO,0,65,0.0,3.82,,,,,,,,,,,,,,,,UNSPECIFIED,UNSPECIFIED
https://encuentratucoach.es/planes-miembros,https://encuentratucoach.es/planes-miembros/,,YES,NO,0,64,0.0,5.33,,,,,,,,,,,,,,,,UNSPECIFIED,UNSPECIFIED
https://encuentratucoach.es/politica-de-cookies-ue,https://encuentratucoach.es/politica-de-cookies-ue/,,YES,NO,0,64,0.0,10.78,,,,,,,,,,,,,,,,UNSPECIFIED,UNSPECIFIED
https://encuentratucoach.es/coaches/daniel-miskiewicz,https://encuentratucoach.es/coaches/daniel-miskiewicz/,https://encuentratucoach.es/coaches/daniel-miskiewicz,YES,YES,0,63,0.0,24.35,200,text/html; charset=utf-8,Indexable,,https://encuentratucoach.es/coaches/daniel-miskiewicz,,,Daniel Miskiewicz | Deportivo en Madrid | EncuentraTuCoach,Daniel Miskiewicz ofrece deportivo en Madrid. Ideal para personas que buscan deportivo con foco en estrés precompetitivo- presión excesiva- miedo al fracaso-…,Daniel Miskiewicz,852,20,8,,,UNSPECIFIED,UNSPECIFIED
https://encuentratucoach.es/coaches/marta,https://encuentratucoach.es/coaches/marta,https://encuentratucoach.es/coaches/marta,YES,YES,0,60,0.0,68.07,200,text/html; charset=utf-8,Indexable,,https://encuentratucoach.es/coaches/marta,,,MARTA | Bienestar en PAMPLONA | EncuentraTuCoach,MARTA ofrece bienestar en PAMPLONA. Ideal para personas que buscan bienestar con foco en acompañamiento en crisis.. Sesiones online. Precio desde 50 €.,MARTA,700,67,32,,,UNSPECIFIED,UNSPECIFIED
https://encuentratucoach.es/marca-personal-como-construirla-con-coaching-sin-postureo,https://encuentratucoach.es/marca-personal-como-construirla-con-coaching-sin-postureo/,,YES,NO,0,56,0.0,34.41,,,,,,,,,,,,,,,,UNSPECIFIED,UNSPECIFIED
https://encuentratucoach.es/coaches_category/confianza-en-si-mismo,https://encuentratucoach.es/coaches_category/confianza-en-si-mismo/,https://encuentratucoach.es/coaches_category/confianza-en-si-mismo,YES,YES,0,54,0.0,3.74,308,,No indexable,Redirigido,,,,,,,0,0,0,https://encuentratucoach.es/coaches/categoria/confianza-en-si-mismo,Redirección HTTP,UNSPECIFIED,UNSPECIFIED
https://encuentratucoach.es/cuanto-dura-un-proceso-de-coaching-sesiones-frecuencia-y-senales-de-progreso,https://encuentratucoach.es/cuanto-dura-un-proceso-de-coaching-sesiones-frecuencia-y-senales-de-progreso/,,YES,NO,0,50,0.0,8.32,,,,,,,,,,,,,,,,UNSPECIFIED,UNSPECIFIED
https://encuentratucoach.es/plataformas-para-trabajar-como-coach,https://encuentratucoach.es/plataformas-para-trabajar-como-coach,https://encuentratucoach.es/plataformas-para-trabajar-como-coach,YES,YES,0,35,0.0,45.17,200,text/html; charset=utf-8,Indexable,,https://encuentratucoach.es/plataformas-para-trabajar-como-coach,,,Plataformas para trabajar como coach | EncuentraTuCoach,"Comparativa práctica de plataformas para coaches: criterios de visibilidad, calidad de leads, coste real de captación y señales de confianza.",Plataformas para trabajar como coach,424,206,204,,,UNSPECIFIED,UNSPECIFIED
https://encuentratucoach.es/sobre-nosotros,https://encuentratucoach.es/sobre-nosotros,https://encuentratucoach.es/sobre-nosotros,YES,YES,0,32,0.0,61.12,200,text/html; charset=utf-8,Indexable,,https://encuentratucoach.es/sobre-nosotros,,,Sobre nosotros | EncuentraTuCoach,"Conoce el propósito de EncuentraTuCoach: ayudar a encontrar coach en España con filtros útiles, confianza y contacto directo.",Sobre EncuentraTuCoach,356,204,204,,,UNSPECIFIED,UNSPECIFIED
https://encuentratucoach.es/category/blog/page/3,https://encuentratucoach.es/category/blog/page/3/,,YES,NO,0,31,0.0,6.13,,,,,,,,,,,,,,,,UNSPECIFIED,UNSPECIFIED
https://encuentratucoach.es/coaching-en-espana,https://encuentratucoach.es/coaching-en-espana/,https://encuentratucoach.es/coaching-en-espana,YES,YES,0,27,0.0,5.93,308,,No indexable,Redirigido,,,,,,,0,0,0,https://encuentratucoach.es/coaches,Redirección HTTP,UNSPECIFIED,UNSPECIFIED
https://encuentratucoach.es/coaches/almudena-ortega-minguito,https://encuentratucoach.es/coaches/almudena-ortega-minguito,https://encuentratucoach.es/coaches/almudena-ortega-minguito,YES,YES,0,25,0.0,9.08,200,text/html; charset=utf-8,Indexable,,https://encuentratucoach.es/coaches/almudena-ortega-minguito,,,Almudena Ortega Minguito | Coach en barcelona | EncuentraTuCoach,Almudena Ortega Minguito ofrece personas con discapacidad en barcelona. Ideal para personas que buscan personas con discapacidad con foco en aceptación tras…,Almudena Ortega Minguito,924,18,7,,,UNSPECIFIED,UNSPECIFIED
https://encuentratucoach.es/descubre-como-el-coaching-en-espana-puede-transformar-tu-vida,https://encuentratucoach.es/descubre-como-el-coaching-en-espana-puede-transformar-tu-vida/,,YES,NO,0,25,0.0,9.88,,,,,,,,,,,,,,,,UNSPECIFIED,UNSPECIFIED
https://encuentratucoach.es/pregunta-a-un-coach,https://encuentratucoach.es/pregunta-a-un-coach,https://encuentratucoach.es/pregunta-a-un-coach,YES,YES,0,24,0.0,71.04,200,text/html; charset=utf-8,Indexable,,https://encuentratucoach.es/pregunta-a-un-coach,,,Preguntas sobre coaching y cómo elegir coach | EncuentraTuCoach,"Resuelve dudas sobre coaching, precio, modalidad online y cómo elegir coach. Explora preguntas reales y da el siguiente paso hacia el directorio.",Preguntas sobre coaching antes de elegir coach,371,107,101,,,UNSPECIFIED,UNSPECIFIED
https://encuentratucoach.es/coaches/natalia-tabella,https://encuentratucoach.es/coaches/natalia-tabella/,https://encuentratucoach.es/coaches/natalia-tabella,YES,YES,0,22,0.0,7.64,200,text/html; charset=utf-8,Indexable,,https://encuentratucoach.es/coaches/natalia-tabella,,,Natalia Tabella | Bienestar en barcelona | EncuentraTuCoach,Natalia Tabella ofrece bienestar en barcelona. Ideal para personas que buscan bienestar con foco en autoestima.. Sesiones online y presencial. Precio desde 1…,Natalia Tabella,999,26,11,,,UNSPECIFIED,UNSPECIFIED
https://encuentratucoach.es/coaches/diego-martinez,https://encuentratucoach.es/coaches/diego-martinez,https://encuentratucoach.es/coaches/diego-martinez,YES,YES,0,21,0.0,4.14,200,text/html; charset=utf-8,Indexable,,https://encuentratucoach.es/coaches/diego-martinez,,,Diego Martinez | Liderazgo en barcelona | EncuentraTuCoach,Diego Martinez ofrece liderazgo en barcelona. Ideal para personas que buscan liderazgo con foco en liderazgo de equipos.. Sesiones online y presencial. Preci…,Diego Martinez,651,22,9,,,UNSPECIFIED,UNSPECIFIED
https://encuentratucoach.es/coaching-que-es,https://encuentratucoach.es/coaching-que-es/,,YES,NO,0,20,0.0,7.1,,,,,,,,,,,,,,,,UNSPECIFIED,UNSPECIFIED
https://encuentratucoach.es/gestion-del-tiempo-metodo-simple-y-como-un-coach-lo-convierte-en-habitos,https://encuentratucoach.es/gestion-del-tiempo-metodo-simple-y-como-un-coach-lo-convierte-en-habitos/,,YES,NO,0,17,0.0,10.71,,,,,,,,,,,,,,,,UNSPECIFIED,UNSPECIFIED
https://encuentratucoach.es/contacto,https://encuentratucoach.es/contacto,https://encuentratucoach.es/contacto,YES,YES,0,16,0.0,59.44,200,text/html; charset=utf-8,Indexable,,https://encuentratucoach.es/contacto,,,Contacto | EncuentraTuCoach,"Contacta con EncuentraTuCoach para soporte, membresía, certificaciones y dudas sobre el directorio de coaches en España.",Contacta con EncuentraTuCoach,244,613,204,,,UNSPECIFIED,UNSPECIFIED
https://encuentratucoach.es/membresia,https://encuentratucoach.es/membresia,https://encuentratucoach.es/membresia,YES,YES,0,14,0.0,60.64,200,text/html; charset=utf-8,Indexable,,https://encuentratucoach.es/membresia,,,Membresía para coaches | EncuentraTuCoach,"Activa tu perfil profesional y capta clientes con una plataforma especializada en coaches, reseñas y visibilidad SEO.",Haz visible tu perfil y capta clientes con una plataforma especializada,771,631,204,,,UNSPECIFIED,UNSPECIFIED
https://encuentratucoach.es/coaches/cristina-torres-dos-santos,https://encuentratucoach.es/coaches/cristina-torres-dos-santos,https://encuentratucoach.es/coaches/cristina-torres-dos-santos,YES,YES,0,12,0.0,4.17,200,text/html; charset=utf-8,Indexable,,https://encuentratucoach.es/coaches/cristina-torres-dos-santos,,,Cristina Torres dos Santos | Liderazgo en Madrid | EncuentraTuCoach,Cristina Torres dos Santos ofrece liderazgo en Madrid. Ideal para personas que buscan liderazgo con foco en liderazgo.. Sesiones online y presencial. Precio…,Cristina Torres dos Santos,647,28,12,,,UNSPECIFIED,UNSPECIFIED
https://encuentratucoach.es/coaches/ivanfdez,https://encuentratucoach.es/coaches/ivanfdez/,,YES,NO,0,11,0.0,5.91,,,,,,,,,,,,,,,,UNSPECIFIED,UNSPECIFIED
https://encuentratucoach.es/coaches/laura-lopez-gandullo,https://encuentratucoach.es/coaches/laura-lopez-gandullo,https://encuentratucoach.es/coaches/laura-lopez-gandullo,YES,YES,0,11,0.0,16.55,200,text/html; charset=utf-8,Indexable,,https://encuentratucoach.es/coaches/laura-lopez-gandullo,,,Laura López Gandullo | Personal en Andalucía | EncuentraTuCoach,Laura López Gandullo ofrece personal en Andalucía. Ideal para personas que buscan personal con foco en empoderamiento.. Sesiones online. Precio desde 45 €. P…,Laura López Gandullo,609,18,7,,,UNSPECIFIED,UNSPECIFIED
https://encuentratucoach.es/especialidades/carrera/malaga,https://encuentratucoach.es/especialidades/carrera/malaga/,,YES,NO,0,10,0.0,46.4,,,,,,,,,,,,,,,,UNSPECIFIED,UNSPECIFIED
https://encuentratucoach.es/liderar-equipos-remotos-practicas-y-rutinas-de-coaching-para-managers,https://encuentratucoach.es/liderar-equipos-remotos-practicas-y-rutinas-de-coaching-para-managers/,,YES,NO,0,10,0.0,5.2,,,,,,,,,,,,,,,,UNSPECIFIED,UNSPECIFIED
https://encuentratucoach.es/bono-de-sesiones-de-coaching-cuando-compensa-y-como-elegir-el-plan-adecuado,https://encuentratucoach.es/bono-de-sesiones-de-coaching-cuando-compensa-y-como-elegir-el-plan-adecuado/,,YES,NO,0,9,0.0,18.67,,,,,,,,,,,,,,,,UNSPECIFIED,UNSPECIFIED
https://encuentratucoach.es/buscar-coach-en-bilbao,https://encuentratucoach.es/buscar-coach-en-bilbao/,,YES,NO,0,9,0.0,80.78,,,,,,,,,,,,,,,,UNSPECIFIED,UNSPECIFIED
https://encuentratucoach.es/coaches/iryna-dzhohola,https://encuentratucoach.es/coaches/iryna-dzhohola,https://encuentratucoach.es/coaches/iryna-dzhohola,YES,YES,0,9,0.0,5.67,200,text/html; charset=utf-8,Indexable,,https://encuentratucoach.es/coaches/iryna-dzhohola,,,Iryna Dzhohola | Carrera en barcelona | EncuentraTuCoach,Iryna Dzhohola ofrece carrera en barcelona. Ideal para personas que buscan carrera con objetivos claros y seguimiento.. Sesiones presencial. Precio desde 60…,Iryna Dzhohola,588,20,8,,,UNSPECIFIED,UNSPECIFIED
https://encuentratucoach.es/coaches/maria-becerril,https://encuentratucoach.es/coaches/maria-becerril,https://encuentratucoach.es/coaches/maria-becerril,YES,YES,0,9,0.0,6.11,200,text/html; charset=utf-8,Indexable,,https://encuentratucoach.es/coaches/maria-becerril,,,María Becerril | Health Coaching en España | EncuentraTuCoach,María Becerril ofrece health coaching en España. Ideal para personas que buscan health coaching con foco en bienestar psicológico. cambio de hábitos.. Sesion…,María Becerril,857,12,4,,,UNSPECIFIED,UNSPECIFIED
https://encuentratucoach.es/coaching-de-carrera-profesional-como-elegir-rumbo-cambiar-de-trabajo-y-negociar,https://encuentratucoach.es/coaching-de-carrera-profesional-como-elegir-rumbo-cambiar-de-trabajo-y-negociar/,,YES,NO,0,9,0.0,13.89,,,,,,,,,,,,,,,,UNSPECIFIED,UNSPECIFIED
https://encuentratucoach.es/muchas_gracias,https://encuentratucoach.es/muchas_gracias/,,YES,NO,0,9,0.0,5.67,,,,,,,,,,,,,,,,UNSPECIFIED,UNSPECIFIED
https://encuentratucoach.es/pregunta-a-un-coach/como-se-si-necesito-un-coach,https://encuentratucoach.es/pregunta-a-un-coach/como-se-si-necesito-un-coach/,,YES,NO,0,9,0.0,39.11,,,,,,,,,,,,,,,,UNSPECIFIED,UNSPECIFIED
https://encuentratucoach.es/coaches/cristina-recouso,https://encuentratucoach.es/coaches/cristina-recouso,https://encuentratucoach.es/coaches/cristina-recouso,YES,YES,0,8,0.0,5.0,200,text/html; charset=utf-8,Indexable,,https://encuentratucoach.es/coaches/cristina-recouso,,,Cristina Recouso | Personal en barcelona | EncuentraTuCoach,Cristina Recouso ofrece personal en barcelona. Ideal para personas que buscan personal con foco en me especializo en coaching personal (vida).. Sesiones onli…,Cristina Recouso,671,23,10,,,UNSPECIFIED,UNSPECIFIED
https://encuentratucoach.es/coaches/michelle-rodriguez,https://encuentratucoach.es/coaches/michelle-rodriguez,https://encuentratucoach.es/coaches/michelle-rodriguez,YES,YES,0,8,0.0,5.38,200,text/html; charset=utf-8,Indexable,,https://encuentratucoach.es/coaches/michelle-rodriguez,,,Michelle Rodriguez | Bienestar en Madrid | EncuentraTuCoach,Michelle Rodriguez ofrece bienestar en Madrid. Ideal para personas que buscan bienestar con foco en crecimiento laboral.. Sesiones online. Precio desde 45 €.…,Michelle Rodriguez,702,79,38,,,UNSPECIFIED,UNSPECIFIED
https://encuentratucoach.es/coaches/nadin-torres-garrido,https://encuentratucoach.es/coaches/nadin-torres-garrido,https://encuentratucoach.es/coaches/nadin-torres-garrido,YES,YES,0,8,0.0,7.38,200,text/html; charset=utf-8,Indexable,,https://encuentratucoach.es/coaches/nadin-torres-garrido,,,Nadin Torres Garrido | Mujeres Emprendedoras en barcelona | EncuentraTuCoach,Nadin Torres Garrido ofrece mujeres emprendedoras en barcelona. Ideal para personas que buscan mujeres emprendedoras con foco en coaching transpersonal.. Ses…,Nadin Torres Garrido,1048,20,8,,,UNSPECIFIED,UNSPECIFIED
https://encuentratucoach.es/coaches/laura-ortiz-garcia,https://encuentratucoach.es/coaches/laura-ortiz-garcia,https://encuentratucoach.es/coaches/laura-ortiz-garcia,YES,YES,0,7,0.0,6.86,200,text/html; charset=utf-8,Indexable,,https://encuentratucoach.es/coaches/laura-ortiz-garcia,,,Laura Ortiz García | Personal en Valencia | EncuentraTuCoach,Laura Ortiz García ofrece personal en Valencia. Ideal para personas que buscan personal con foco en coaching personal.. Sesiones online. Precio desde 50 €. P…,Laura Ortiz García,944,22,9,,,UNSPECIFIED,UNSPECIFIED
https://encuentratucoach.es/coaches/tania-perez,https://encuentratucoach.es/coaches/tania-perez/,https://encuentratucoach.es/coaches/tania-perez,YES,YES,0,7,0.0,7.29,200,text/html; charset=utf-8,Indexable,,https://encuentratucoach.es/coaches/tania-perez,,,Tania Pérez | Carrera en Madrid | EncuentraTuCoach,Tania Pérez ofrece carrera en Madrid. Ideal para personas que buscan carrera con foco en cambio de carrera y orientación laboral general.. Sesiones online. P…,Tania Pérez,715,22,9,,,UNSPECIFIED,UNSPECIFIED
https://encuentratucoach.es/mi-cuentaa/login,https://encuentratucoach.es/mi-cuentaa/login/,,YES,NO,0,7,0.0,12.57,,,,,,,,,,,,,,,,UNSPECIFIED,UNSPECIFIED
https://encuentratucoach.es/coaches/ines-ramirez,https://encuentratucoach.es/coaches/ines-ramirez,https://encuentratucoach.es/coaches/ines-ramirez,YES,YES,0,5,0.0,6.2,200,text/html; charset=utf-8,Indexable,,https://encuentratucoach.es/coaches/ines-ramirez,,,Inés Ramírez | Gestión del Cambio en Madrid | EncuentraTuCoach,Inés Ramírez ofrece gestión del cambio en Madrid. Ideal para personas que buscan gestión del cambio con foco en coaching personal y coaching de vida... Sesio…,Inés Ramírez,753,20,8,,,UNSPECIFIED,UNSPECIFIED
https://encuentratucoach.es/coaches/laura-gaya,https://encuentratucoach.es/coaches/laura-gaya,https://encuentratucoach.es/coaches/laura-gaya,YES,YES,0,5,0.0,8.0,200,text/html; charset=utf-8,Indexable,,https://encuentratucoach.es/coaches/laura-gaya,,,Laura Gaya | Vida en Caldes d'Estrac | EncuentraTuCoach,Laura Gaya ofrece vida en Caldes d'Estrac. Ideal para personas que buscan vida con foco en adolescentes.. Sesiones online y presencial. Precio desde 65 €. Pe…,Laura Gaya,1242,14,5,,,UNSPECIFIED,UNSPECIFIED
https://encuentratucoach.es/resolucion-de-conflictos-en-el-trabajo-tecnicas-y-role-plays-de-coaching,https://encuentratucoach.es/resolucion-de-conflictos-en-el-trabajo-tecnicas-y-role-plays-de-coaching/,,YES,NO,0,5,0.0,35.0,,,,,,,,,,,,,,,,UNSPECIFIED,UNSPECIFIED
https://encuentratucoach.es/coaches/alvaro-maximo-coronado,https://encuentratucoach.es/coaches/alvaro-maximo-coronado,https://encuentratucoach.es/coaches/alvaro-maximo-coronado,YES,YES,0,4,0.0,9.25,200,text/html; charset=utf-8,Indexable,,https://encuentratucoach.es/coaches/alvaro-maximo-coronado,,,Álvaro Máximo Coronado | Salud Mental en Toledo | EncuentraTuCoach,Álvaro Máximo Coronado ofrece salud mental en Toledo. Ideal para personas que buscan salud mental con foco en pnl.. Sesiones online. Precio desde 50 €.,Álvaro Máximo Coronado,677,12,4,,,UNSPECIFIED,UNSPECIFIED
https://encuentratucoach.es/coaches/ivan-vazquez-de-la-cruz,https://encuentratucoach.es/coaches/ivan-vazquez-de-la-cruz,https://encuentratucoach.es/coaches/ivan-vazquez-de-la-cruz,YES,YES,0,4,0.0,10.0,200,text/html; charset=utf-8,Indexable,,https://encuentratucoach.es/coaches/ivan-vazquez-de-la-cruz,,,Ivan Vazquez De La Cruz | Deportivo en Madrid | EncuentraTuCoach,Ivan Vazquez De La Cruz ofrece deportivo en Madrid. Ideal para personas que buscan deportivo con foco en nutrición deportiva especializado en perdida de gras…,Ivan Vazquez De La Cruz,802,20,8,,,UNSPECIFIED,UNSPECIFIED
https://encuentratucoach.es/ikigai-guia-practica-paso-a-paso-y-como-un-coach-te-ayuda-a-aterrizarlo,https://encuentratucoach.es/ikigai-guia-practica-paso-a-paso-y-como-un-coach-te-ayuda-a-aterrizarlo/,https://encuentratucoach.es/ikigai-guia-practica-paso-a-paso-y-como-un-coach-te-ayuda-a-aterrizarlo,YES,YES,0,4,0.0,8.75,308,,No indexable,Redirigido,,,,,,,0,0,0,https://encuentratucoach.es/blog/ikigai-guia-practica-paso-a-paso-y-como-un-coach-te-ayuda-a-aterrizarlo,Redirección HTTP,UNSPECIFIED,UNSPECIFIED
https://encuentratucoach.es/coaches/cristina-jimenez,https://encuentratucoach.es/coaches/cristina-jimenez,https://encuentratucoach.es/coaches/cristina-jimenez,YES,YES,0,3,0.0,8.33,200,text/html; charset=utf-8,Indexable,,https://encuentratucoach.es/coaches/cristina-jimenez,,,Cristina Jiménez | Bienestar en Islas Canarias | EncuentraTuCoach,Cristina Jiménez ofrece bienestar en Islas Canarias. Ideal para personas que buscan bienestar con foco en hábitos.. Sesiones online. Precio desde 40 €. Perfi…,Cristina Jiménez,672,57,27,,,UNSPECIFIED,UNSPECIFIED
https://encuentratucoach.es/especialidades/liderazgo/malaga,https://encuentratucoach.es/especialidades/liderazgo/malaga/,,YES,NO,0,3,0.0,6.33,,,,,,,,,,,,,,,,UNSPECIFIED,UNSPECIFIED
https://encuentratucoach.es/formulario,https://encuentratucoach.es/formulario/,,YES,NO,0,3,0.0,4.0,,,,,,,,,,,,,,,,UNSPECIFIED,UNSPECIFIED
https://encuentratucoach.es/blog/ikigai-guia-practica-paso-a-paso-y-como-un-coach-te-ayuda-a-aterrizarlo,https://encuentratucoach.es/blog/ikigai-guia-practica-paso-a-paso-y-como-un-coach-te-ayuda-a-aterrizarlo,https://encuentratucoach.es/blog/ikigai-guia-practica-paso-a-paso-y-como-un-coach-te-ayuda-a-aterrizarlo,YES,YES,0,2,0.0,39.0,200,text/html; charset=utf-8,No indexable,Canonicalizada,https://encuentratucoach.es/ikigai-guia-practica-paso-a-paso-y-como-un-coach-te-ayuda-a-aterrizarlo,,,Ikigai guía práctica: encuentra tu propósito con coaching | EncuentraTuCoach,"Descubre la ikigai guía práctica para encontrar tu propósito. Aprende ejercicios, evita errores comunes y cómo un coach puede ayudarte a aterrizarlo.",Ikigai: guía práctica (paso a paso) y cómo un coach te ayuda a aterrizarlo,1198,2,1,,,UNSPECIFIED,UNSPECIFIED
https://encuentratucoach.es/coaches/aitana-a-garcia-moreno,https://encuentratucoach.es/coaches/aitana-a-garcia-moreno,https://encuentratucoach.es/coaches/aitana-a-garcia-moreno,YES,YES,0,2,0.0,2.0,200,text/html; charset=utf-8,Indexable,,https://encuentratucoach.es/coaches/aitana-a-garcia-moreno,,,AITANA A GARCÍA MORENO | Bienestar en Vizcaya | EncuentraTuCoach,AITANA A GARCÍA MORENO ofrece bienestar en Vizcaya. Ideal para personas que buscan bienestar con foco en sanación de heridas de la infancia.. Sesiones online…,AITANA A GARCÍA MORENO,765,18,7,,,UNSPECIFIED,UNSPECIFIED
https://encuentratucoach.es/coaches/goldie-uttamchandani,https://encuentratucoach.es/coaches/goldie-uttamchandani/,https://encuentratucoach.es/coaches/goldie-uttamchandani,YES,YES,0,2,0.0,7.5,200,text/html; charset=utf-8,Indexable,,https://encuentratucoach.es/coaches/goldie-uttamchandani,,,Goldie Uttamchandani | Liderazgo en barcelona | EncuentraTuCoach,Goldie Uttamchandani ofrece liderazgo en barcelona. Ideal para personas que buscan liderazgo con foco en adolescentes y liderazgo.. Sesiones online y presenc…,Goldie Uttamchandani,673,20,8,,,UNSPECIFIED,UNSPECIFIED
https://encuentratucoach.es/especialidades/deportivo,https://encuentratucoach.es/especialidades/deportivo/,,YES,NO,0,2,0.0,7.0,,,,,,,,,,,,,,,,UNSPECIFIED,UNSPECIFIED
https://encuentratucoach.es/especialidades/personas-con-discapacidad,https://encuentratucoach.es/especialidades/personas-con-discapacidad/,,YES,NO,0,2,0.0,6.5,,,,,,,,,,,,,,,,UNSPECIFIED,UNSPECIFIED
https://encuentratucoach.es/mi-cuentaa/dashboard,https://encuentratucoach.es/mi-cuentaa/dashboard/,,YES,NO,0,2,0.0,7.5,,,,,,,,,,,,,,,,UNSPECIFIED,UNSPECIFIED
https://encuentratucoach.es/_next/image,https://encuentratucoach.es/_next/image?url=https://padel-minio.obdyzx.easypanel.host/etc-public/coach-media/cmm17569k00aams1m383892bc/hero/b360c0c3-ead5-4592-8332-2f10ec19165e.jpg&w=3840&q=75,https://encuentratucoach.es/_next/image?url=https%3A%2F%2Fpadel-minio.obdyzx.easypanel.host%2Fetc-public%2Fcoach-media%2Fcmm1755r4000ems1mlgcm9wwo%2Fgallery%2Ffc1d57dd-3208-4c71-b4e0-cfb118888f74.jpg&w=3840&q=75,YES,YES,0,1,0.0,10.0,200,image/jpeg,Indexable,,,,,,,,0,0,0,,,UNSPECIFIED,UNSPECIFIED
https://encuentratucoach.es/especialidades/gestion-del-cambio/madrid,https://encuentratucoach.es/especialidades/gestion-del-cambio/madrid/,,YES,NO,0,1,0.0,4.0,,,,,,,,,,,,,,,,UNSPECIFIED,UNSPECIFIED
https://encuentratucoach.es/especialidades/salud-mental,https://encuentratucoach.es/especialidades/salud-mental/,,YES,NO,0,1,0.0,12.0,,,,,,,,,,,,,,,,UNSPECIFIED,UNSPECIFIED
https://encuentratucoach.es/especialidades/vida/zaragoza,https://encuentratucoach.es/especialidades/vida/zaragoza/,,YES,NO,0,1,0.0,14.0,,,,,,,,,,,,,,,,UNSPECIFIED,UNSPECIFIED
https://encuentratucoach.es/_next/static/chunks/0833a94028d9b61f.js,,https://encuentratucoach.es/_next/static/chunks/0833a94028d9b61f.js,NO,YES,0,0,0.0,0.0,200,application/javascript; charset=UTF-8,Indexable,,,,,,,,0,0,0,,,UNSPECIFIED,UNSPECIFIED
https://encuentratucoach.es/_next/static/chunks/0d80878a427a2c4c.js,,https://encuentratucoach.es/_next/static/chunks/0d80878a427a2c4c.js,NO,YES,0,0,0.0,0.0,200,application/javascript; charset=UTF-8,Indexable,,,,,,,,0,0,0,,,UNSPECIFIED,UNSPECIFIED
https://encuentratucoach.es/_next/static/chunks/0dc25ce330216daf.js,,https://encuentratucoach.es/_next/static/chunks/0dc25ce330216daf.js,NO,YES,0,0,0.0,0.0,200,application/javascript; charset=UTF-8,Indexable,,,,,,,,0,0,0,,,UNSPECIFIED,UNSPECIFIED
https://encuentratucoach.es/_next/static/chunks/0e0d68bf586a952d.js,,https://encuentratucoach.es/_next/static/chunks/0e0d68bf586a952d.js,NO,YES,0,0,0.0,0.0,200,application/javascript; charset=UTF-8,Indexable,,,,,,,,0,0,0,,,UNSPECIFIED,UNSPECIFIED
https://encuentratucoach.es/_next/static/chunks/10cbf02e6fc36465.js,,https://encuentratucoach.es/_next/static/chunks/10cbf02e6fc36465.js,NO,YES,0,0,0.0,0.0,200,application/javascript; charset=UTF-8,Indexable,,,,,,,,0,0,0,,,UNSPECIFIED,UNSPECIFIED
https://encuentratucoach.es/_next/static/chunks/1595c406ccdca0a6.js,,https://encuentratucoach.es/_next/static/chunks/1595c406ccdca0a6.js,NO,YES,0,0,0.0,0.0,200,application/javascript; charset=UTF-8,Indexable,,,,,,,,0,0,0,,,UNSPECIFIED,UNSPECIFIED
https://encuentratucoach.es/_next/static/chunks/3cb3b0859ef11f34.js,,https://encuentratucoach.es/_next/static/chunks/3cb3b0859ef11f34.js,NO,YES,0,0,0.0,0.0,200,application/javascript; charset=UTF-8,Indexable,,,,,,,,0,0,0,,,UNSPECIFIED,UNSPECIFIED
https://encuentratucoach.es/_next/static/chunks/4472ff259167e396.js,,https://encuentratucoach.es/_next/static/chunks/4472ff259167e396.js,NO,YES,0,0,0.0,0.0,200,application/javascript; charset=UTF-8,Indexable,,,,,,,,0,0,0,,,UNSPECIFIED,UNSPECIFIED
https://encuentratucoach.es/_next/static/chunks/61e8d2fbda15786a.js,,https://encuentratucoach.es/_next/static/chunks/61e8d2fbda15786a.js,NO,YES,0,0,0.0,0.0,200,application/javascript; charset=UTF-8,Indexable,,,,,,,,0,0,0,,,UNSPECIFIED,UNSPECIFIED
https://encuentratucoach.es/_next/static/chunks/63f5b1fe9a4307a1.css,,https://encuentratucoach.es/_next/static/chunks/63f5b1fe9a4307a1.css,NO,YES,0,0,0.0,0.0,200,text/css; charset=UTF-8,Indexable,,,,,,,,0,0,0,,,UNSPECIFIED,UNSPECIFIED
https://encuentratucoach.es/_next/static/chunks/69be39811437728d.js,,https://encuentratucoach.es/_next/static/chunks/69be39811437728d.js,NO,YES,0,0,0.0,0.0,200,application/javascript; charset=UTF-8,Indexable,,,,,,,,0,0,0,,,UNSPECIFIED,UNSPECIFIED
https://encuentratucoach.es/_next/static/chunks/7a323c32ff422de9.css,,https://encuentratucoach.es/_next/static/chunks/7a323c32ff422de9.css,NO,YES,0,0,0.0,0.0,200,text/css; charset=UTF-8,Indexable,,,,,,,,0,0,0,,,UNSPECIFIED,UNSPECIFIED
https://encuentratucoach.es/_next/static/chunks/82abf2d65f5428ae.js,,https://encuentratucoach.es/_next/static/chunks/82abf2d65f5428ae.js,NO,YES,0,0,0.0,0.0,200,application/javascript; charset=UTF-8,Indexable,,,,,,,,0,0,0,,,UNSPECIFIED,UNSPECIFIED
https://encuentratucoach.es/_next/static/chunks/a5d50eb9a4bec7d7.js,,https://encuentratucoach.es/_next/static/chunks/a5d50eb9a4bec7d7.js,NO,YES,0,0,0.0,0.0,200,application/javascript; charset=UTF-8,Indexable,,,,,,,,0,0,0,,,UNSPECIFIED,UNSPECIFIED
https://encuentratucoach.es/_next/static/chunks/a6dad97d9634a72d.js,,https://encuentratucoach.es/_next/static/chunks/a6dad97d9634a72d.js,NO,YES,0,0,0.0,0.0,200,application/javascript; charset=UTF-8,Indexable,,,,,,,,0,0,0,,,UNSPECIFIED,UNSPECIFIED
https://encuentratucoach.es/_next/static/chunks/a862e136abf74221.js,,https://encuentratucoach.es/_next/static/chunks/a862e136abf74221.js,NO,YES,0,0,0.0,0.0,200,application/javascript; charset=UTF-8,Indexable,,,,,,,,0,0,0,,,UNSPECIFIED,UNSPECIFIED
https://encuentratucoach.es/_next/static/chunks/cdf0727fea11930a.css,,https://encuentratucoach.es/_next/static/chunks/cdf0727fea11930a.css,NO,YES,0,0,0.0,0.0,200,text/css; charset=UTF-8,Indexable,,,,,,,,0,0,0,,,UNSPECIFIED,UNSPECIFIED
https://encuentratucoach.es/_next/static/chunks/d2be314c3ece3fbe.js,,https://encuentratucoach.es/_next/static/chunks/d2be314c3ece3fbe.js,NO,YES,0,0,0.0,0.0,200,application/javascript; charset=UTF-8,Indexable,,,,,,,,0,0,0,,,UNSPECIFIED,UNSPECIFIED
https://encuentratucoach.es/_next/static/chunks/d43773a4265a22f7.js,,https://encuentratucoach.es/_next/static/chunks/d43773a4265a22f7.js,NO,YES,0,0,0.0,0.0,200,application/javascript; charset=UTF-8,Indexable,,,,,,,,0,0,0,,,UNSPECIFIED,UNSPECIFIED
https://encuentratucoach.es/_next/static/chunks/d4aebaff15d25d78.css,,https://encuentratucoach.es/_next/static/chunks/d4aebaff15d25d78.css,NO,YES,0,0,0.0,0.0,200,text/css; charset=UTF-8,Indexable,,,,,,,,0,0,0,,,UNSPECIFIED,UNSPECIFIED
https://encuentratucoach.es/_next/static/chunks/e36adfeafe1b505c.js,,https://encuentratucoach.es/_next/static/chunks/e36adfeafe1b505c.js,NO,YES,0,0,0.0,0.0,200,application/javascript; charset=UTF-8,Indexable,,,,,,,,0,0,0,,,UNSPECIFIED,UNSPECIFIED
https://encuentratucoach.es/_next/static/chunks/ed8cc7af4848779b.js,,https://encuentratucoach.es/_next/static/chunks/ed8cc7af4848779b.js,NO,YES,0,0,0.0,0.0,200,application/javascript; charset=UTF-8,Indexable,,,,,,,,0,0,0,,,UNSPECIFIED,UNSPECIFIED
https://encuentratucoach.es/_next/static/chunks/ff1a16fafef87110.js,,https://encuentratucoach.es/_next/static/chunks/ff1a16fafef87110.js,NO,YES,0,0,0.0,0.0,200,application/javascript; charset=UTF-8,Indexable,,,,,,,,0,0,0,,,UNSPECIFIED,UNSPECIFIED
https://encuentratucoach.es/_next/static/chunks/turbopack-9f0beaca5213267b.js,,https://encuentratucoach.es/_next/static/chunks/turbopack-9f0beaca5213267b.js,NO,YES,0,0,0.0,0.0,200,application/javascript; charset=UTF-8,Indexable,,,,,,,,0,0,0,,,UNSPECIFIED,UNSPECIFIED
https://encuentratucoach.es/api/auth/google/start,,https://encuentratucoach.es/api/auth/google/start?intent=login&returnTo=%2Fcoaches%2Fester-fernandez,NO,YES,0,0,0.0,0.0,0,,No indexable,Bloqueado por robots.txt,,,,,,,0,1,1,,,UNSPECIFIED,UNSPECIFIED
https://encuentratucoach.es/aviso-legal,,https://encuentratucoach.es/aviso-legal,NO,YES,0,0,0.0,0.0,200,text/html; charset=utf-8,No indexable,noindex,https://encuentratucoach.es/aviso-legal,"noindex, follow",,Aviso legal | EncuentraTuCoach,"Datos del titular, información legal y datos de contacto de EncuentraTuCoach.es conforme a LSSI-CE y normativa aplicable.",Aviso legal,182,205,204,,,UNSPECIFIED,UNSPECIFIED
https://encuentratucoach.es/blog/coaching-para-emprendedores-en-que-ayuda-y-como-elegir-el-coach-adecuado,,https://encuentratucoach.es/blog/coaching-para-emprendedores-en-que-ayuda-y-como-elegir-el-coach-adecuado,NO,YES,0,0,0.0,0.0,200,text/html; charset=utf-8,No indexable,Canonicalizada,https://encuentratucoach.es/coaching-para-emprendedores-en-que-ayuda-y-como-elegir-el-coach-adecuado,,,Coaching para emprendedores: guía para elegir el coach... | EncuentraTuCoach,Descubre cómo el coaching para emprendedores puede impulsar tu negocio y aprende a elegir el coach adecuado para tu éxito empresarial.,Coaching para emprendedores: en qué ayuda y cómo elegir el coach adecuado,1078,2,1,,,UNSPECIFIED,UNSPECIFIED
https://encuentratucoach.es/blog/como-encontrar-un-coach-certificado-pasos-senales-y-donde-buscar,,https://encuentratucoach.es/blog/como-encontrar-un-coach-certificado-pasos-senales-y-donde-buscar,NO,YES,0,0,0.0,0.0,200,text/html; charset=utf-8,No indexable,Canonicalizada,https://encuentratucoach.es/como-encontrar-un-coach-certificado-pasos-senales-y-donde-buscar,,,Cómo encontrar un coach certificado | EncuentraTuCoach,"Descubre cómo encontrar un coach certificado, señales para identificarlo y dónde buscar en España. Guía completa con pasos y consejos útiles.","Cómo encontrar un coach certificado: pasos, señales y dónde buscar",909,2,1,,,UNSPECIFIED,UNSPECIFIED
https://encuentratucoach.es/blog/journaling-para-claridad-mental-prompts-y-rutina-de-10-minutos,,https://encuentratucoach.es/blog/journaling-para-claridad-mental-prompts-y-rutina-de-10-minutos,NO,YES,0,0,0.0,0.0,200,text/html; charset=utf-8,No indexable,Canonicalizada,https://encuentratucoach.es/journaling-para-claridad-mental-prompts-y-rutina-de-10-minutos,,,Journaling prompts para claridad mental | EncuentraTuCoach,"Descubre cómo usar journaling prompts para mejorar tu claridad mental con una rutina de 10 minutos. Ejemplos, beneficios y consejos prácticos.",Journaling para claridad mental: prompts y rutina de 10 minutos,969,2,1,,,UNSPECIFIED,UNSPECIFIED
https://encuentratucoach.es/blog/valores-personales-como-identificarlos-y-tomar-decisiones-mas-coherentes,,https://encuentratucoach.es/blog/valores-personales-como-identificarlos-y-tomar-decisiones-mas-coherentes,NO,YES,0,0,0.0,0.0,200,text/html; charset=utf-8,No indexable,Canonicalizada,https://encuentratucoach.es/valores-personales-como-identificarlos-y-tomar-decisiones-mas-coherentes,,,Valores personales: cómo identificarlos y decisiones co... | EncuentraTuCoach,Descubre cómo identificar tus valores personales para tomar decisiones más coherentes y vivir con autenticidad. Ejercicios prácticos y consejos útiles.,Valores personales: cómo identificarlos y tomar decisiones más coherentes,1066,2,1,,,UNSPECIFIED,UNSPECIFIED
https://encuentratucoach.es/coaches/carla-gomez-rodriguez,,https://encuentratucoach.es/coaches/carla-gomez-rodriguez,NO,YES,0,0,0.0,0.0,200,text/html; charset=utf-8,Indexable,,https://encuentratucoach.es/coaches/carla-gomez-rodriguez,,,Carla Gómez Rodriguez | Adolescentes en Madrid | EncuentraTuCoach,Carla Gómez Rodriguez ofrece adolescentes en Madrid. Ideal para personas que buscan adolescentes con foco en mejora del equilibrio entre trabajo y vida perso…,Carla Gómez Rodriguez,858,24,10,,,UNSPECIFIED,UNSPECIFIED
https://encuentratucoach.es/coaches/categoria/adolescentes,,https://encuentratucoach.es/coaches/categoria/adolescentes,NO,YES,0,0,0.0,0.0,200,text/html; charset=utf-8,No indexable,noindex,https://encuentratucoach.es/coaches/categoria/adolescentes,"noindex, follow",,Buscar Adolescentes en España | EncuentraTuCoach,"Encuentra adolescentes en España por ciudad, modalidad y presupuesto. Compara perfiles antes de contactar.",Adolescentes en España para elegir mejor,330,3,2,,,UNSPECIFIED,UNSPECIFIED
https://encuentratucoach.es/coaches/categoria/adolescentes/madrid,,https://encuentratucoach.es/coaches/categoria/adolescentes/madrid,NO,YES,0,0,0.0,0.0,200,text/html; charset=utf-8,No indexable,noindex,,"noindex, follow",,Buscar Adolescentes en Madrid | EncuentraTuCoach,"Encuentra adolescentes en Madrid. Compara perfiles por modalidad, experiencia y precio.",Adolescentes en Madrid para elegir con menos riesgo,325,3,2,,,UNSPECIFIED,UNSPECIFIED
https://encuentratucoach.es/coaches/categoria/auto-disciplina,,https://encuentratucoach.es/coaches/categoria/auto-disciplina,NO,YES,0,0,0.0,0.0,200,text/html; charset=utf-8,No indexable,noindex,https://encuentratucoach.es/coaches/categoria/auto-disciplina,"noindex, follow",,Buscar Auto-Disciplina en España | EncuentraTuCoach,"Encuentra auto-disciplina en España por ciudad, modalidad y presupuesto. Compara perfiles antes de contactar.",Auto-Disciplina en España para elegir mejor,307,2,1,,,UNSPECIFIED,UNSPECIFIED
https://encuentratucoach.es/coaches/categoria/bienestar,,https://encuentratucoach.es/coaches/categoria/bienestar,NO,YES,0,0,0.0,0.0,200,text/html; charset=utf-8,Indexable,,https://encuentratucoach.es/coaches/categoria/bienestar,,,Buscar Bienestar en España | EncuentraTuCoach,"Encuentra bienestar en España por ciudad, modalidad y presupuesto. Compara perfiles antes de contactar.",Bienestar en España para elegir mejor,716,15,10,,,UNSPECIFIED,UNSPECIFIED
https://encuentratucoach.es/coaches/categoria/bienestar/barcelona,,https://encuentratucoach.es/coaches/categoria/bienestar/barcelona,NO,YES,0,0,0.0,0.0,200,text/html; charset=utf-8,No indexable,noindex,,"noindex, follow",,Buscar Bienestar en Barcelona | EncuentraTuCoach,"Encuentra bienestar en Barcelona. Compara perfiles por modalidad, experiencia y precio.",Bienestar en Barcelona para elegir con menos riesgo,355,7,5,,,UNSPECIFIED,UNSPECIFIED
https://encuentratucoach.es/coaches/categoria/bienestar/bilbao,,https://encuentratucoach.es/coaches/categoria/bienestar/bilbao,NO,YES,0,0,0.0,0.0,200,text/html; charset=utf-8,No indexable,noindex,,"noindex, follow",,Buscar Bienestar en Bilbao | EncuentraTuCoach,"Encuentra bienestar en Bilbao. Compara perfiles por modalidad, experiencia y precio.",Bienestar en Bilbao para elegir con menos riesgo,361,7,5,,,UNSPECIFIED,UNSPECIFIED
https://encuentratucoach.es/coaches/categoria/bienestar/madrid,,https://encuentratucoach.es/coaches/categoria/bienestar/madrid,NO,YES,0,0,0.0,0.0,200,text/html; charset=utf-8,No indexable,noindex,https://encuentratucoach.es/coaches/categoria/bienestar/madrid,"noindex, follow",,Buscar Bienestar en Madrid | EncuentraTuCoach,"Encuentra bienestar en Madrid. Compara perfiles por modalidad, experiencia y precio.",Bienestar en Madrid para elegir con menos riesgo,352,7,5,,,UNSPECIFIED,UNSPECIFIED
https://encuentratucoach.es/coaches/categoria/bioemocional,,https://encuentratucoach.es/coaches/categoria/bioemocional,NO,YES,0,0,0.0,0.0,200,text/html; charset=utf-8,No indexable,noindex,https://encuentratucoach.es/coaches/categoria/bioemocional,"noindex, follow",,Buscar Coaching bioemocional en España | EncuentraTuCoach,"Encuentra coaching bioemocional en España por ciudad, modalidad y presupuesto. Compara perfiles antes de contactar.",Coaching bioemocional en España para elegir mejor,337,207,204,,,UNSPECIFIED,UNSPECIFIED
https://encuentratucoach.es/coaches/categoria/bioemocional/madrid,,https://encuentratucoach.es/coaches/categoria/bioemocional/madrid,NO,YES,0,0,0.0,0.0,200,text/html; charset=utf-8,No indexable,noindex,https://encuentratucoach.es/coaches/categoria/bioemocional/madrid,"noindex, follow",,Buscar Coaching bioemocional en Madrid | EncuentraTuCoach,"Encuentra coaching bioemocional en Madrid. Compara perfiles por modalidad, experiencia y precio.",Coaching bioemocional en Madrid para elegir con menos riesgo,325,3,2,,,UNSPECIFIED,UNSPECIFIED
https://encuentratucoach.es/coaches/categoria/carrera,,https://encuentratucoach.es/coaches/categoria/carrera,NO,YES,0,0,0.0,0.0,200,text/html; charset=utf-8,Indexable,,https://encuentratucoach.es/coaches/categoria/carrera,,,Buscar coaching de carrera en España | EncuentraTuCoach,"Encuentra coaches de carrera en España. Compara experiencia, modalidad y precio por sesión antes de contactar.",Coaching de carrera para transición laboral y crecimiento,745,223,204,,,UNSPECIFIED,UNSPECIFIED
https://encuentratucoach.es/coaches/categoria/carrera/barcelona,,https://encuentratucoach.es/coaches/categoria/carrera/barcelona,NO,YES,0,0,0.0,0.0,200,text/html; charset=utf-8,Indexable,,https://encuentratucoach.es/coaches/categoria/carrera/barcelona,,,Buscar Coaching de carrera en Barcelona | EncuentraTuCoach,"Encuentra coaching de carrera en Barcelona. Compara perfiles por modalidad, experiencia y precio.",Coaching de carrera en Barcelona para elegir con menos riesgo,590,8,6,,,UNSPECIFIED,UNSPECIFIED
https://encuentratucoach.es/coaches/categoria/carrera/madrid,,https://encuentratucoach.es/coaches/categoria/carrera/madrid,NO,YES,0,0,0.0,0.0,200,text/html; charset=utf-8,Indexable,,https://encuentratucoach.es/coaches/categoria/carrera/madrid,,,Buscar Coaching de carrera en Madrid | EncuentraTuCoach,"Encuentra coaching de carrera en Madrid. Compara perfiles por modalidad, experiencia y precio.",Coaching de carrera en Madrid para elegir con menos riesgo,409,9,7,,,UNSPECIFIED,UNSPECIFIED
https://encuentratucoach.es/coaches/categoria/confianza-en-si-mismo,,https://encuentratucoach.es/coaches/categoria/confianza-en-si-mismo,NO,YES,0,0,0.0,0.0,200,text/html; charset=utf-8,No indexable,noindex,https://encuentratucoach.es/coaches/categoria/confianza-en-si-mismo,"noindex, follow",,Buscar Confianza en Sí Mismo en España | EncuentraTuCoach,"Encuentra confianza en sí mismo en España por ciudad, modalidad y presupuesto. Compara perfiles antes de contactar.",Confianza en Sí Mismo en España para elegir mejor,346,3,2,,,UNSPECIFIED,UNSPECIFIED
https://encuentratucoach.es/coaches/categoria/confianza-en-si-mismo/barcelona,,https://encuentratucoach.es/coaches/categoria/confianza-en-si-mismo/barcelona,NO,YES,0,0,0.0,0.0,200,text/html; charset=utf-8,No indexable,noindex,https://encuentratucoach.es/coaches/categoria/confianza-en-si-mismo/barcelona,"noindex, follow",,Buscar Confianza en Sí Mismo en Barcelona | EncuentraTuCoach,"Encuentra confianza en sí mismo en Barcelona. Compara perfiles por modalidad, experiencia y precio.",Confianza en Sí Mismo en Barcelona para elegir con menos riesgo,327,3,2,,,UNSPECIFIED,UNSPECIFIED
https://encuentratucoach.es/coaches/categoria/conflictos,,https://encuentratucoach.es/coaches/categoria/conflictos,NO,YES,0,0,0.0,0.0,200,text/html; charset=utf-8,No indexable,noindex,https://encuentratucoach.es/coaches/categoria/conflictos,"noindex, follow",,Buscar Conflictos en España | EncuentraTuCoach,"Encuentra conflictos en España por ciudad, modalidad y presupuesto. Compara perfiles antes de contactar.",Conflictos en España para elegir mejor,295,2,1,,,UNSPECIFIED,UNSPECIFIED
https://encuentratucoach.es/coaches/categoria/deportivo,,https://encuentratucoach.es/coaches/categoria/deportivo,NO,YES,0,0,0.0,0.0,200,text/html; charset=utf-8,Indexable,,https://encuentratucoach.es/coaches/categoria/deportivo,,,Buscar Deportivo en España | EncuentraTuCoach,"Encuentra deportivo en España por ciudad, modalidad y presupuesto. Compara perfiles antes de contactar.",Deportivo en España para elegir mejor,379,6,4,,,UNSPECIFIED,UNSPECIFIED
https://encuentratucoach.es/coaches/categoria/deportivo/madrid,,https://encuentratucoach.es/coaches/categoria/deportivo/madrid,NO,YES,0,0,0.0,0.0,200,text/html; charset=utf-8,Indexable,,https://encuentratucoach.es/coaches/categoria/deportivo/madrid,,,Buscar Deportivo en Madrid | EncuentraTuCoach,"Encuentra deportivo en Madrid. Compara perfiles por modalidad, experiencia y precio.",Deportivo en Madrid para elegir con menos riesgo,369,6,4,,,UNSPECIFIED,UNSPECIFIED
https://encuentratucoach.es/coaches/categoria/ejecutivo,,https://encuentratucoach.es/coaches/categoria/ejecutivo,NO,YES,0,0,0.0,0.0,200,text/html; charset=utf-8,No indexable,noindex,https://encuentratucoach.es/coaches/categoria/ejecutivo,"noindex, follow",,Buscar Coaching ejecutivo en España | EncuentraTuCoach,"Encuentra coaching ejecutivo en España por ciudad, modalidad y presupuesto. Compara perfiles antes de contactar.",Coaching ejecutivo en España para elegir mejor,262,204,204,,,UNSPECIFIED,UNSPECIFIED
https://encuentratucoach.es/coaches/categoria/emocional,,https://encuentratucoach.es/coaches/categoria/emocional,NO,YES,0,0,0.0,0.0,200,text/html; charset=utf-8,No indexable,noindex,,"noindex, follow",,Buscar Emocional en España | EncuentraTuCoach,"Encuentra emocional en España por ciudad, modalidad y presupuesto. Compara perfiles antes de contactar.",Emocional en España para elegir mejor,319,3,2,,,UNSPECIFIED,UNSPECIFIED
https://encuentratucoach.es/coaches/categoria/emocional/barcelona,,https://encuentratucoach.es/coaches/categoria/emocional/barcelona,NO,YES,0,0,0.0,0.0,200,text/html; charset=utf-8,No indexable,noindex,,"noindex, follow",,Buscar Emocional en Barcelona | EncuentraTuCoach,"Encuentra emocional en Barcelona. Compara perfiles por modalidad, experiencia y precio.",Emocional en Barcelona para elegir con menos riesgo,309,3,2,,,UNSPECIFIED,UNSPECIFIED
https://encuentratucoach.es/coaches/categoria/espiritual,,https://encuentratucoach.es/coaches/categoria/espiritual,NO,YES,0,0,0.0,0.0,200,text/html; charset=utf-8,No indexable,noindex,,"noindex, follow",,Buscar Espiritual en España | EncuentraTuCoach,"Encuentra espiritual en España por ciudad, modalidad y presupuesto. Compara perfiles antes de contactar.",Espiritual en España para elegir mejor,325,3,2,,,UNSPECIFIED,UNSPECIFIED
https://encuentratucoach.es/coaches/categoria/espiritual/madrid,,https://encuentratucoach.es/coaches/categoria/espiritual/madrid,NO,YES,0,0,0.0,0.0,200,text/html; charset=utf-8,No indexable,noindex,https://encuentratucoach.es/coaches/categoria/espiritual/madrid,"noindex, follow",,Buscar Espiritual en Madrid | EncuentraTuCoach,"Encuentra espiritual en Madrid. Compara perfiles por modalidad, experiencia y precio.",Espiritual en Madrid para elegir con menos riesgo,310,3,2,,,UNSPECIFIED,UNSPECIFIED
https://encuentratucoach.es/coaches/categoria/fitness,,https://encuentratucoach.es/coaches/categoria/fitness,NO,YES,0,0,0.0,0.0,200,text/html; charset=utf-8,No indexable,noindex,,"noindex, follow",,Buscar Fitness en España | EncuentraTuCoach,"Encuentra fitness en España por ciudad, modalidad y presupuesto. Compara perfiles antes de contactar.",Fitness en España para elegir mejor,328,3,2,,,UNSPECIFIED,UNSPECIFIED
https://encuentratucoach.es/coaches/categoria/fitness/madrid,,https://encuentratucoach.es/coaches/categoria/fitness/madrid,NO,YES,0,0,0.0,0.0,200,text/html; charset=utf-8,No indexable,noindex,https://encuentratucoach.es/coaches/categoria/fitness/madrid,"noindex, follow",,Buscar Fitness en Madrid | EncuentraTuCoach,"Encuentra fitness en Madrid. Compara perfiles por modalidad, experiencia y precio.",Fitness en Madrid para elegir con menos riesgo,313,3,2,,,UNSPECIFIED,UNSPECIFIED
https://encuentratucoach.es/coaches/categoria/gestion-del-cambio,,https://encuentratucoach.es/coaches/categoria/gestion-del-cambio,NO,YES,0,0,0.0,0.0,200,text/html; charset=utf-8,Indexable,,https://encuentratucoach.es/coaches/categoria/gestion-del-cambio,,,Buscar Gestión del Cambio en España | EncuentraTuCoach,"Encuentra gestión del cambio en España por ciudad, modalidad y presupuesto. Compara perfiles antes de contactar.",Gestión del Cambio en España para elegir mejor,405,7,5,,,UNSPECIFIED,UNSPECIFIED
https://encuentratucoach.es/coaches/categoria/gestion-del-cambio/bilbao,,https://encuentratucoach.es/coaches/categoria/gestion-del-cambio/bilbao,NO,YES,0,0,0.0,0.0,200,text/html; charset=utf-8,No indexable,noindex,https://encuentratucoach.es/coaches/categoria/gestion-del-cambio/bilbao,"noindex, follow",,Buscar Gestión del Cambio en Bilbao | EncuentraTuCoach,"Encuentra gestión del cambio en Bilbao. Compara perfiles por modalidad, experiencia y precio.",Gestión del Cambio en Bilbao para elegir con menos riesgo,359,6,4,,,UNSPECIFIED,UNSPECIFIED
https://encuentratucoach.es/coaches/categoria/gestion-del-cambio/madrid,,https://encuentratucoach.es/coaches/categoria/gestion-del-cambio/madrid,NO,YES,0,0,0.0,0.0,200,text/html; charset=utf-8,No indexable,noindex,,"noindex, follow",,Buscar Gestión del Cambio en Madrid | EncuentraTuCoach,"Encuentra gestión del cambio en Madrid. Compara perfiles por modalidad, experiencia y precio.",Gestión del Cambio en Madrid para elegir con menos riesgo,359,4,3,,,UNSPECIFIED,UNSPECIFIED
https://encuentratucoach.es/coaches/categoria/health-coaching,,https://encuentratucoach.es/coaches/categoria/health-coaching,NO,YES,0,0,0.0,0.0,200,text/html; charset=utf-8,No indexable,noindex,https://encuentratucoach.es/coaches/categoria/health-coaching,"noindex, follow",,Buscar Health Coaching en España | EncuentraTuCoach,"Encuentra health coaching en España por ciudad, modalidad y presupuesto. Compara perfiles antes de contactar.",Health Coaching en España para elegir mejor,309,2,1,,,UNSPECIFIED,UNSPECIFIED
https://encuentratucoach.es/coaches/categoria/laboral,,https://encuentratucoach.es/coaches/categoria/laboral,NO,YES,0,0,0.0,0.0,200,text/html; charset=utf-8,No indexable,noindex,,"noindex, follow",,Buscar Laboral en España | EncuentraTuCoach,"Encuentra laboral en España por ciudad, modalidad y presupuesto. Compara perfiles antes de contactar.",Laboral en España para elegir mejor,332,3,2,,,UNSPECIFIED,UNSPECIFIED
https://encuentratucoach.es/coaches/categoria/laboral/madrid,,https://encuentratucoach.es/coaches/categoria/laboral/madrid,NO,YES,0,0,0.0,0.0,200,text/html; charset=utf-8,No indexable,noindex,https://encuentratucoach.es/coaches/categoria/laboral/madrid,"noindex, follow",,Buscar Laboral en Madrid | EncuentraTuCoach,"Encuentra laboral en Madrid. Compara perfiles por modalidad, experiencia y precio.",Laboral en Madrid para elegir con menos riesgo,317,3,2,,,UNSPECIFIED,UNSPECIFIED
https://encuentratucoach.es/coaches/categoria/liderazgo,,https://encuentratucoach.es/coaches/categoria/liderazgo,NO,YES,0,0,0.0,0.0,200,text/html; charset=utf-8,Indexable,,https://encuentratucoach.es/coaches/categoria/liderazgo,,,Buscar Coaching de liderazgo en España | EncuentraTuCoach,"Encuentra coaching de liderazgo en España por ciudad, modalidad y presupuesto. Compara perfiles antes de contactar.",Coaching de liderazgo en España para elegir mejor,643,214,204,,,UNSPECIFIED,UNSPECIFIED
https://encuentratucoach.es/coaches/categoria/liderazgo/barcelona,,https://encuentratucoach.es/coaches/categoria/liderazgo/barcelona,NO,YES,0,0,0.0,0.0,200,text/html; charset=utf-8,Indexable,,,,,Buscar Coaching de liderazgo en Barcelona | EncuentraTuCoach,"Encuentra coaching de liderazgo en Barcelona. Compara perfiles por modalidad, experiencia y precio.",Coaching de liderazgo en Barcelona para elegir con menos riesgo,411,8,6,,,UNSPECIFIED,UNSPECIFIED
https://encuentratucoach.es/coaches/categoria/liderazgo/madrid,,https://encuentratucoach.es/coaches/categoria/liderazgo/madrid,NO,YES,0,0,0.0,0.0,200,text/html; charset=utf-8,No indexable,noindex,https://encuentratucoach.es/coaches/categoria/liderazgo/madrid,"noindex, follow",,Buscar coaching de liderazgo en Madrid | EncuentraTuCoach,"Busca coaches de liderazgo en Madrid por experiencia, modalidad y precio. Compara perfiles antes de contactar.",Coaching de liderazgo en Madrid para decidir con confianza,354,5,4,,,UNSPECIFIED,UNSPECIFIED
https://encuentratucoach.es/coaches/categoria/mujeres-emprendedoras,,https://encuentratucoach.es/coaches/categoria/mujeres-emprendedoras,NO,YES,0,0,0.0,0.0,200,text/html; charset=utf-8,No indexable,noindex,https://encuentratucoach.es/coaches/categoria/mujeres-emprendedoras,"noindex, follow",,Buscar Mujeres Emprendedoras en España | EncuentraTuCoach,"Encuentra mujeres emprendedoras en España por ciudad, modalidad y presupuesto. Compara perfiles antes de contactar.",Mujeres Emprendedoras en España para elegir mejor,335,3,2,,,UNSPECIFIED,UNSPECIFIED
https://encuentratucoach.es/coaches/categoria/mujeres-emprendedoras/barcelona,,https://encuentratucoach.es/coaches/categoria/mujeres-emprendedoras/barcelona,NO,YES,0,0,0.0,0.0,200,text/html; charset=utf-8,No indexable,noindex,https://encuentratucoach.es/coaches/categoria/mujeres-emprendedoras/barcelona,"noindex, follow",,Buscar Mujeres Emprendedoras en Barcelona | EncuentraTuCoach,"Encuentra mujeres emprendedoras en Barcelona. Compara perfiles por modalidad, experiencia y precio.",Mujeres Emprendedoras en Barcelona para elegir con menos riesgo,322,4,3,,,UNSPECIFIED,UNSPECIFIED
https://encuentratucoach.es/coaches/categoria/pareja,,https://encuentratucoach.es/coaches/categoria/pareja,NO,YES,0,0,0.0,0.0,200,text/html; charset=utf-8,No indexable,noindex,https://encuentratucoach.es/coaches/categoria/pareja,"noindex, follow",,Buscar Coaching de pareja en España | EncuentraTuCoach,"Encuentra coaching de pareja en España por ciudad, modalidad y presupuesto. Compara perfiles antes de contactar.",Coaching de pareja en España para elegir mejor,267,206,204,,,UNSPECIFIED,UNSPECIFIED
https://encuentratucoach.es/coaches/categoria/pareja/valencia,,https://encuentratucoach.es/coaches/categoria/pareja/valencia,NO,YES,0,0,0.0,0.0,200,text/html; charset=utf-8,No indexable,noindex,https://encuentratucoach.es/coaches/categoria/pareja/valencia,"noindex, follow",,Buscar Coaching de pareja en Valencia | EncuentraTuCoach,"Encuentra coaching de pareja en Valencia. Compara perfiles por modalidad, experiencia y precio.",Coaching de pareja en Valencia para elegir con menos riesgo,287,1,1,,,UNSPECIFIED,UNSPECIFIED
https://encuentratucoach.es/coaches/categoria/parejas,,https://encuentratucoach.es/coaches/categoria/parejas,NO,YES,0,0,0.0,0.0,200,text/html; charset=utf-8,No indexable,noindex,https://encuentratucoach.es/coaches/categoria/parejas,"noindex, follow",,Buscar Parejas en España | EncuentraTuCoach,"Encuentra parejas en España por ciudad, modalidad y presupuesto. Compara perfiles antes de contactar.",Parejas en España para elegir mejor,295,2,1,,,UNSPECIFIED,UNSPECIFIED
https://encuentratucoach.es/coaches/categoria/personal/barcelona,,https://encuentratucoach.es/coaches/categoria/personal/barcelona,NO,YES,0,0,0.0,0.0,200,text/html; charset=utf-8,No indexable,noindex,https://encuentratucoach.es/coaches/categoria/personal/barcelona,"noindex, follow",,Buscar Coaching personal en Barcelona | EncuentraTuCoach,"Encuentra coaching personal en Barcelona. Compara perfiles por modalidad, experiencia y precio.",Coaching personal en Barcelona para elegir con menos riesgo,359,9,7,,,UNSPECIFIED,UNSPECIFIED
https://encuentratucoach.es/coaches/categoria/personal/madrid,,https://encuentratucoach.es/coaches/categoria/personal/madrid,NO,YES,0,0,0.0,0.0,200,text/html; charset=utf-8,No indexable,noindex,,"noindex, follow",,Buscar Coaching personal en Madrid | EncuentraTuCoach,"Encuentra coaching personal en Madrid. Compara perfiles por modalidad, experiencia y precio.",Coaching personal en Madrid para elegir con menos riesgo,364,8,6,,,UNSPECIFIED,UNSPECIFIED
https://encuentratucoach.es/coaches/categoria/personal/sevilla,,https://encuentratucoach.es/coaches/categoria/personal/sevilla,NO,YES,0,0,0.0,0.0,200,text/html; charset=utf-8,No indexable,noindex,https://encuentratucoach.es/coaches/categoria/personal/sevilla,"noindex, follow",,Buscar Coaching personal en Sevilla | EncuentraTuCoach,"Encuentra coaching personal en Sevilla. Compara perfiles por modalidad, experiencia y precio.",Coaching personal en Sevilla para elegir con menos riesgo,326,1,1,,,UNSPECIFIED,UNSPECIFIED
https://encuentratucoach.es/coaches/categoria/personal/valencia,,https://encuentratucoach.es/coaches/categoria/personal/valencia,NO,YES,0,0,0.0,0.0,200,text/html; charset=utf-8,No indexable,noindex,https://encuentratucoach.es/coaches/categoria/personal/valencia,"noindex, follow",,Buscar Coaching personal en Valencia | EncuentraTuCoach,"Encuentra coaching personal en Valencia. Compara perfiles por modalidad, experiencia y precio.",Coaching personal en Valencia para elegir con menos riesgo,355,8,6,,,UNSPECIFIED,UNSPECIFIED
https://encuentratucoach.es/coaches/categoria/personas-con-discapacidad,,https://encuentratucoach.es/coaches/categoria/personas-con-discapacidad,NO,YES,0,0,0.0,0.0,200,text/html; charset=utf-8,No indexable,noindex,,"noindex, follow",,Buscar Personas con Discapacidad en España | EncuentraTuCoach,"Encuentra personas con discapacidad en España por ciudad, modalidad y presupuesto. Compara perfiles antes de contactar.",Personas con Discapacidad en España para elegir mejor,348,3,2,,,UNSPECIFIED,UNSPECIFIED
https://encuentratucoach.es/coaches/categoria/personas-con-discapacidad/barcelona,,https://encuentratucoach.es/coaches/categoria/personas-con-discapacidad/barcelona,NO,YES,0,0,0.0,0.0,200,text/html; charset=utf-8,No indexable,noindex,,"noindex, follow",,Buscar Personas con Discapacidad en Barcelona | EncuentraTuCoach,"Encuentra personas con discapacidad en Barcelona. Compara perfiles por modalidad, experiencia y precio.",Personas con Discapacidad en Barcelona para elegir con menos riesgo,332,4,3,,,UNSPECIFIED,UNSPECIFIED
https://encuentratucoach.es/coaches/categoria/proposito-de-vida,,https://encuentratucoach.es/coaches/categoria/proposito-de-vida,NO,YES,0,0,0.0,0.0,200,text/html; charset=utf-8,No indexable,noindex,,"noindex, follow",,Buscar Propósito de Vida en España | EncuentraTuCoach,"Encuentra propósito de vida en España por ciudad, modalidad y presupuesto. Compara perfiles antes de contactar.",Propósito de Vida en España para elegir mejor,353,3,2,,,UNSPECIFIED,UNSPECIFIED
https://encuentratucoach.es/coaches/categoria/proposito-de-vida/madrid,,https://encuentratucoach.es/coaches/categoria/proposito-de-vida/madrid,NO,YES,0,0,0.0,0.0,200,text/html; charset=utf-8,No indexable,noindex,https://encuentratucoach.es/coaches/categoria/proposito-de-vida/madrid,"noindex, follow",,Buscar Propósito de Vida en Madrid | EncuentraTuCoach,"Encuentra propósito de vida en Madrid. Compara perfiles por modalidad, experiencia y precio.",Propósito de Vida en Madrid para elegir con menos riesgo,330,3,2,,,UNSPECIFIED,UNSPECIFIED
https://encuentratucoach.es/coaches/categoria/relaciones,,https://encuentratucoach.es/coaches/categoria/relaciones,NO,YES,0,0,0.0,0.0,200,text/html; charset=utf-8,No indexable,noindex,,"noindex, follow",,Buscar Relaciones en España | EncuentraTuCoach,"Encuentra relaciones en España por ciudad, modalidad y presupuesto. Compara perfiles antes de contactar.",Relaciones en España para elegir mejor,300,1,1,,,UNSPECIFIED,UNSPECIFIED
https://encuentratucoach.es/coaches/categoria/salud-mental,,https://encuentratucoach.es/coaches/categoria/salud-mental,NO,YES,0,0,0.0,0.0,200,text/html; charset=utf-8,No indexable,noindex,https://encuentratucoach.es/coaches/categoria/salud-mental,"noindex, follow",,Buscar Salud Mental en España | EncuentraTuCoach,"Encuentra salud mental en España por ciudad, modalidad y presupuesto. Compara perfiles antes de contactar.",Salud Mental en España para elegir mejor,287,2,1,,,UNSPECIFIED,UNSPECIFIED
https://encuentratucoach.es/coaches/categoria/vida,,https://encuentratucoach.es/coaches/categoria/vida,NO,YES,0,0,0.0,0.0,200,text/html; charset=utf-8,No indexable,noindex,https://encuentratucoach.es/coaches/categoria/vida,"noindex, follow",,Buscar Vida en España | EncuentraTuCoach,"Encuentra vida en España por ciudad, modalidad y presupuesto. Compara perfiles antes de contactar.",Vida en España para elegir mejor,304,2,1,,,UNSPECIFIED,UNSPECIFIED
https://encuentratucoach.es/coaches/certificados,,https://encuentratucoach.es/coaches/certificados,NO,YES,0,0,0.0,0.0,200,text/html; charset=utf-8,Indexable,,https://encuentratucoach.es/coaches/certificados,,,Buscar coaches certificados en España | EncuentraTuCoach,"Encuentra coaches certificados en España. Compara especialidad, ciudad y precio con más señales de confianza.",Coaches certificados para elegir con mayor seguridad,1554,247,204,,,UNSPECIFIED,UNSPECIFIED
https://encuentratucoach.es/coaches/ciudad/barcelona,,https://encuentratucoach.es/coaches/ciudad/barcelona,NO,YES,0,0,0.0,0.0,200,text/html; charset=utf-8,Indexable,,https://encuentratucoach.es/coaches/ciudad/barcelona,,,Buscar coach en Barcelona | EncuentraTuCoach,"Busca coach en Barcelona por especialidad, formato de sesión y rango de precio. Compara perfiles antes de contactar.",Coaches en Barcelona listos para empezar proceso,1152,240,204,,,UNSPECIFIED,UNSPECIFIED
https://encuentratucoach.es/coaches/ciudad/bilbao,,https://encuentratucoach.es/coaches/ciudad/bilbao,NO,YES,0,0,0.0,0.0,200,text/html; charset=utf-8,Indexable,,https://encuentratucoach.es/coaches/ciudad/bilbao,,,Buscar coach en Bilbao | EncuentraTuCoach,"Busca coach en Bilbao por especialidad, modalidad y presupuesto. Compara perfiles antes de contactar.",Coaches en Bilbao para decidir con criterio,423,212,204,,,UNSPECIFIED,UNSPECIFIED
https://encuentratucoach.es/coaches/ciudad/malaga,,https://encuentratucoach.es/coaches/ciudad/malaga,NO,YES,0,0,0.0,0.0,200,text/html; charset=utf-8,No indexable,noindex,https://encuentratucoach.es/coaches/ciudad/malaga,"noindex, follow",,Buscar coach en Málaga | EncuentraTuCoach,"Busca coach en Málaga por especialidad, modalidad y presupuesto. Compara perfiles antes de contactar.",Coaches en Málaga para decidir con criterio,268,204,204,,,UNSPECIFIED,UNSPECIFIED
https://encuentratucoach.es/coaches/ciudad/sevilla,,https://encuentratucoach.es/coaches/ciudad/sevilla,NO,YES,0,0,0.0,0.0,200,text/html; charset=utf-8,No indexable,noindex,https://encuentratucoach.es/coaches/ciudad/sevilla,"noindex, follow",,Buscar coach en Sevilla | EncuentraTuCoach,"Busca coach en Sevilla por especialidad, modalidad y presupuesto. Compara perfiles antes de contactar.",Coaches en Sevilla para decidir con criterio,268,207,204,,,UNSPECIFIED,UNSPECIFIED
https://encuentratucoach.es/coaches/ciudad/valencia,,https://encuentratucoach.es/coaches/ciudad/valencia,NO,YES,0,0,0.0,0.0,200,text/html; charset=utf-8,No indexable,noindex,,"noindex, follow",,Buscar coach en Valencia | EncuentraTuCoach,"Busca coach en Valencia por especialidad, modalidad y presupuesto. Compara perfiles antes de contactar.",Coaches en Valencia para decidir con criterio,349,210,204,,,UNSPECIFIED,UNSPECIFIED
https://encuentratucoach.es/coaches/cristina-santolaria,,https://encuentratucoach.es/coaches/cristina-santolaria,NO,YES,0,0,0.0,0.0,200,text/html; charset=utf-8,Indexable,,https://encuentratucoach.es/coaches/cristina-santolaria,,,Cristina Santolaria | Gestión del Cambio en Bilbao | EncuentraTuCoach,Cristina Santolaria ofrece gestión del cambio en Bilbao. Ideal para personas que buscan gestión del cambio con foco en me he especializado en gestión del cam…,Cristina Santolaria,930,20,8,,,UNSPECIFIED,UNSPECIFIED
https://encuentratucoach.es/coaches/javier-molina,,https://encuentratucoach.es/coaches/javier-molina,NO,YES,0,0,0.0,0.0,404,text/html; charset=utf-8,No indexable,Error de cliente,,,,,,,0,2,1,,,UNSPECIFIED,UNSPECIFIED
https://encuentratucoach.es/coaches/modalidad/online,,https://encuentratucoach.es/coaches/modalidad/online,NO,YES,0,0,0.0,0.0,200,text/html; charset=utf-8,Indexable,,https://encuentratucoach.es/coaches/modalidad/online,,,Buscar coaching online en España | EncuentraTuCoach,"Encuentra coaches online en España por especialidad, experiencia, confianza y precio. Compara perfiles antes de elegir.",Coaching online para empezar antes y sin desplazamientos,2193,272,204,,,UNSPECIFIED,UNSPECIFIED
https://encuentratucoach.es/coaches/naina-ramnani,,https://encuentratucoach.es/coaches/naina-ramnani,NO,YES,0,0,0.0,0.0,200,text/html; charset=utf-8,Indexable,,https://encuentratucoach.es/coaches/naina-ramnani,,,Naina Ramnani | Propósito de Vida en Madrid | EncuentraTuCoach,Naina Ramnani ofrece propósito de vida en Madrid. Ideal para personas que buscan propósito de vida con foco en liderazgo.. Sesiones online y presencial. Prec…,Naina Ramnani,977,18,7,,,UNSPECIFIED,UNSPECIFIED
https://encuentratucoach.es/coaches/nuria-descarrega-altadill,,https://encuentratucoach.es/coaches/nuria-descarrega-altadill,NO,YES,0,0,0.0,0.0,200,text/html; charset=utf-8,Indexable,,https://encuentratucoach.es/coaches/nuria-descarrega-altadill,,,Nuria Descarrega Altadill | Auto-Disciplina en Tarragona | EncuentraTuCoach,Nuria Descarrega Altadill ofrece auto-disciplina en Tarragona. Ideal para personas que buscan auto-disciplina con foco en acompaño a personas a superar la pr…,Nuria Descarrega Altadill,1084,14,5,,,UNSPECIFIED,UNSPECIFIED
https://encuentratucoach.es/como-elegir-coach-2026,,https://encuentratucoach.es/como-elegir-coach-2026,NO,YES,0,0,0.0,0.0,200,text/html; charset=utf-8,Indexable,,https://encuentratucoach.es/como-elegir-coach-2026,,,Cómo elegir coach en 2026 | EncuentraTuCoach,"Checklist práctico para elegir coach en 2026: especialidad, metodología, señales de confianza y decisión final.",Cómo elegir coach en 2026,353,217,204,,,UNSPECIFIED,UNSPECIFIED
https://encuentratucoach.es/como-encontrar-un-coach-certificado-pasos-senales-y-donde-buscar,,https://encuentratucoach.es/como-encontrar-un-coach-certificado-pasos-senales-y-donde-buscar,NO,YES,0,0,0.0,0.0,308,,No indexable,Redirigido,,,,,,,0,0,0,https://encuentratucoach.es/blog/como-encontrar-un-coach-certificado-pasos-senales-y-donde-buscar,Redirección HTTP,UNSPECIFIED,UNSPECIFIED
https://encuentratucoach.es/conseguir-clientes-como-coach,,https://encuentratucoach.es/conseguir-clientes-como-coach,NO,YES,0,0,0.0,0.0,200,text/html; charset=utf-8,Indexable,,https://encuentratucoach.es/conseguir-clientes-como-coach,,,Como conseguir clientes como coach | EncuentraTuCoach,"Ruta practica para coaches: posicionamiento por nicho, perfil de alta conversion, reseñas y sistema de captacion sostenido.",Como conseguir clientes como coach,155,1,1,,,UNSPECIFIED,UNSPECIFIED
https://encuentratucoach.es/cookies,,https://encuentratucoach.es/cookies,NO,YES,0,0,0.0,0.0,200,text/html; charset=utf-8,No indexable,noindex,https://encuentratucoach.es/cookies,"noindex, follow",,Política de Cookies | EncuentraTuCoach,"Información sobre el uso de cookies, consentimiento, revocación y gestión de preferencias en EncuentraTuCoach.",Política de Cookies,353,206,204,,,UNSPECIFIED,UNSPECIFIED
https://encuentratucoach.es/faqs,,https://encuentratucoach.es/faqs,NO,YES,0,0,0.0,0.0,200,text/html; charset=utf-8,Indexable,,https://encuentratucoach.es/faqs,,,FAQs | EncuentraTuCoach,"Preguntas frecuentes sobre coaching en España, formatos, precios, duración y certificación.",Preguntas frecuentes sobre coaching,204,209,204,,,UNSPECIFIED,UNSPECIFIED
https://encuentratucoach.es/iniciar-sesion,,https://encuentratucoach.es/iniciar-sesion?returnTo=%2Fcoaches%2Fcarla-gomez-rodriguez,NO,YES,0,0,0.0,0.0,200,text/html; charset=utf-8,No indexable,"Canonicalizada,noindex",https://encuentratucoach.es/iniciar-sesion,"noindex, follow",,Iniciar sesión | EncuentraTuCoach,Accede como coach o cliente a tu cuenta en la plataforma.,Iniciar sesión,99,1,1,,,UNSPECIFIED,UNSPECIFIED
https://encuentratucoach.es/journaling-para-claridad-mental-prompts-y-rutina-de-10-minutos,,https://encuentratucoach.es/journaling-para-claridad-mental-prompts-y-rutina-de-10-minutos,NO,YES,0,0,0.0,0.0,308,,No indexable,Redirigido,,,,,,,0,0,0,https://encuentratucoach.es/blog/journaling-para-claridad-mental-prompts-y-rutina-de-10-minutos,Redirección HTTP,UNSPECIFIED,UNSPECIFIED
https://encuentratucoach.es/precios-coaching-espana,,https://encuentratucoach.es/precios-coaching-espana,NO,YES,0,0,0.0,0.0,200,text/html; charset=utf-8,Indexable,,https://encuentratucoach.es/precios-coaching-espana,,,Precios de coaching en España | EncuentraTuCoach,"Rangos orientativos de precios de coaching en España por especialidad, formato online o presencial y experiencia del coach.",Precios de coaching en España,379,210,204,,,UNSPECIFIED,UNSPECIFIED
https://encuentratucoach.es/pregunta-a-un-coach/buscar,,https://encuentratucoach.es/pregunta-a-un-coach/buscar,NO,YES,0,0,0.0,0.0,200,text/html; charset=utf-8,No indexable,noindex,https://encuentratucoach.es/pregunta-a-un-coach/buscar,"noindex, follow",,Buscar preguntas | EncuentraTuCoach,Busqueda interna de preguntas de coaching.,Buscar preguntas,216,1,1,,,UNSPECIFIED,UNSPECIFIED
https://encuentratucoach.es/pregunta-a-un-coach/categoria/carrera,,https://encuentratucoach.es/pregunta-a-un-coach/categoria/carrera,NO,YES,0,0,0.0,0.0,200,text/html; charset=utf-8,No indexable,noindex,https://encuentratucoach.es/pregunta-a-un-coach/categoria/carrera,"noindex, follow",,Preguntas de Coaching de carrera | EncuentraTuCoach,"Preguntas frecuentes sobre coaching de carrera, respuestas publicas y siguiente paso hacia perfiles relacionados.",Preguntas de Coaching de carrera,146,9,8,,,UNSPECIFIED,UNSPECIFIED
https://encuentratucoach.es/pregunta-a-un-coach/categoria/personal,,https://encuentratucoach.es/pregunta-a-un-coach/categoria/personal,NO,YES,0,0,0.0,0.0,200,text/html; charset=utf-8,Indexable,,https://encuentratucoach.es/pregunta-a-un-coach/categoria/personal,,,Preguntas de Coaching personal | EncuentraTuCoach,"Preguntas frecuentes sobre coaching personal, respuestas publicas y siguiente paso hacia perfiles relacionados.",Preguntas de Coaching personal,163,17,12,,,UNSPECIFIED,UNSPECIFIED
https://encuentratucoach.es/pregunta-a-un-coach/ciudad/barcelona,,https://encuentratucoach.es/pregunta-a-un-coach/ciudad/barcelona,NO,YES,0,0,0.0,0.0,200,text/html; charset=utf-8,No indexable,noindex,https://encuentratucoach.es/pregunta-a-un-coach/ciudad/barcelona,"noindex, follow",,Preguntas de coaching en Barcelona | EncuentraTuCoach,"Preguntas y respuestas publicas sobre coaching en Barcelona, con contexto local y acceso directo a perfiles relacionados.",Preguntas de coaching en Barcelona,132,9,8,,,UNSPECIFIED,UNSPECIFIED
https://encuentratucoach.es/pregunta-a-un-coach/ciudad/madrid,,https://encuentratucoach.es/pregunta-a-un-coach/ciudad/madrid,NO,YES,0,0,0.0,0.0,200,text/html; charset=utf-8,No indexable,noindex,https://encuentratucoach.es/pregunta-a-un-coach/ciudad/madrid,"noindex, follow",,Preguntas de coaching en Madrid | EncuentraTuCoach,"Preguntas y respuestas publicas sobre coaching en Madrid, con contexto local y acceso directo a perfiles relacionados.",Preguntas de coaching en Madrid,144,9,8,,,UNSPECIFIED,UNSPECIFIED
https://encuentratucoach.es/pregunta-a-un-coach/ciudad/sevilla,,https://encuentratucoach.es/pregunta-a-un-coach/ciudad/sevilla,NO,YES,0,0,0.0,0.0,200,text/html; charset=utf-8,No indexable,noindex,https://encuentratucoach.es/pregunta-a-un-coach/ciudad/sevilla,"noindex, follow",,Preguntas de coaching en Sevilla | EncuentraTuCoach,"Preguntas y respuestas publicas sobre coaching en Sevilla, con contexto local y acceso directo a perfiles relacionados.",Preguntas de coaching en Sevilla,130,9,8,,,UNSPECIFIED,UNSPECIFIED
https://encuentratucoach.es/pregunta-a-un-coach/coaching-online-funciona-igual-que-presencial,,https://encuentratucoach.es/pregunta-a-un-coach/coaching-online-funciona-igual-que-presencial,NO,YES,0,0,0.0,0.0,200,text/html; charset=utf-8,No indexable,noindex,https://encuentratucoach.es/pregunta-a-un-coach/coaching-online-funciona-igual-que-presencial,"noindex, follow",,El coaching online funciona igual que el presencial | EncuentraTuCoach,Tengo dudas sobre si una sesión online puede ser igual de útil que una presencial para trabajar hábitos y claridad.,El coaching online funciona igual que el presencial,116,8,8,,,UNSPECIFIED,UNSPECIFIED
https://encuentratucoach.es/pregunta-a-un-coach/como-elegir-coach-de-carrera-si-estoy-bloqueado,,https://encuentratucoach.es/pregunta-a-un-coach/como-elegir-coach-de-carrera-si-estoy-bloqueado,NO,YES,0,0,0.0,0.0,200,text/html; charset=utf-8,Indexable,,https://encuentratucoach.es/pregunta-a-un-coach/como-elegir-coach-de-carrera-si-estoy-bloqueado,,,Cómo elegir un coach de carrera si estoy bloqueado con varias opciones | EncuentraTuCoach,Quiero cambiar de trabajo pero no tengo claro si necesito coaching de carrera o un coach de liderazgo. Trabajo en tecnología y me bloquea tomar decisiones. ¿Cóm,Cómo elegir un coach de carrera si estoy bloqueado con varias opciones,206,9,9,,,UNSPECIFIED,UNSPECIFIED
https://encuentratucoach.es/pregunta-a-un-coach/precio-normal-coaching-personal-online-espana,,https://encuentratucoach.es/pregunta-a-un-coach/precio-normal-coaching-personal-online-espana,NO,YES,0,0,0.0,0.0,200,text/html; charset=utf-8,Indexable,,https://encuentratucoach.es/pregunta-a-un-coach/precio-normal-coaching-personal-online-espana,,,Cuál es un precio normal para coaching personal online en España | EncuentraTuCoach,Estoy viendo precios muy distintos para coaching personal online. ¿Qué rango es razonable para empezar sin pagar de más?,Cuál es un precio normal para coaching personal online en España,145,9,9,,,UNSPECIFIED,UNSPECIFIED
https://encuentratucoach.es/pregunta-a-un-coach/que-certificacion-de-coach-es-mas-relevante,,https://encuentratucoach.es/pregunta-a-un-coach/que-certificacion-de-coach-es-mas-relevante,NO,YES,0,0,0.0,0.0,200,text/html; charset=utf-8,Indexable,,https://encuentratucoach.es/pregunta-a-un-coach/que-certificacion-de-coach-es-mas-relevante,,,Qué certificación de coach es más relevante al comparar perfiles | EncuentraTuCoach,Estoy comparando coaches y veo siglas distintas. ¿Qué certificaciones conviene mirar y qué peso les doy frente a reseñas o experiencia?,Qué certificación de coach es más relevante al comparar perfiles,134,6,6,,,UNSPECIFIED,UNSPECIFIED
https://encuentratucoach.es/pregunta-a-un-coach/tag/carrera,,https://encuentratucoach.es/pregunta-a-un-coach/tag/carrera,NO,YES,0,0,0.0,0.0,200,text/html; charset=utf-8,No indexable,noindex,https://encuentratucoach.es/pregunta-a-un-coach/tag/carrera,"noindex, follow",,Tag carrera | EncuentraTuCoach,Listado por tag carrera en Pregunta a un coach.,Preguntas con tag #carrera,83,9,9,,,UNSPECIFIED,UNSPECIFIED
https://encuentratucoach.es/pregunta-a-un-coach/tag/certificacion,,https://encuentratucoach.es/pregunta-a-un-coach/tag/certificacion,NO,YES,0,0,0.0,0.0,200,text/html; charset=utf-8,No indexable,noindex,https://encuentratucoach.es/pregunta-a-un-coach/tag/certificacion,"noindex, follow",,Tag certificacion | EncuentraTuCoach,Listado por tag certificacion en Pregunta a un coach.,Preguntas con tag #certificacion,68,7,7,,,UNSPECIFIED,UNSPECIFIED
https://encuentratucoach.es/pregunta-a-un-coach/tag/comparar,,https://encuentratucoach.es/pregunta-a-un-coach/tag/comparar,NO,YES,0,0,0.0,0.0,200,text/html; charset=utf-8,No indexable,noindex,https://encuentratucoach.es/pregunta-a-un-coach/tag/comparar,"noindex, follow",,Tag comparar | EncuentraTuCoach,Listado por tag comparar en Pregunta a un coach.,Preguntas con tag #comparar,68,7,7,,,UNSPECIFIED,UNSPECIFIED
https://encuentratucoach.es/pregunta-a-un-coach/tag/decision,,https://encuentratucoach.es/pregunta-a-un-coach/tag/decision,NO,YES,0,0,0.0,0.0,200,text/html; charset=utf-8,No indexable,noindex,https://encuentratucoach.es/pregunta-a-un-coach/tag/decision,"noindex, follow",,Tag decision | EncuentraTuCoach,Listado por tag decision en Pregunta a un coach.,Preguntas con tag #decision,83,9,9,,,UNSPECIFIED,UNSPECIFIED
https://encuentratucoach.es/pregunta-a-un-coach/tag/habitos,,https://encuentratucoach.es/pregunta-a-un-coach/tag/habitos,NO,YES,0,0,0.0,0.0,200,text/html; charset=utf-8,No indexable,noindex,https://encuentratucoach.es/pregunta-a-un-coach/tag/habitos,"noindex, follow",,Tag habitos | EncuentraTuCoach,Listado por tag habitos en Pregunta a un coach.,Preguntas con tag #habitos,69,9,9,,,UNSPECIFIED,UNSPECIFIED
https://encuentratucoach.es/pregunta-a-un-coach/tag/icf,,https://encuentratucoach.es/pregunta-a-un-coach/tag/icf,NO,YES,0,0,0.0,0.0,200,text/html; charset=utf-8,No indexable,noindex,https://encuentratucoach.es/pregunta-a-un-coach/tag/icf,"noindex, follow",,Tag icf | EncuentraTuCoach,Listado por tag icf en Pregunta a un coach.,Preguntas con tag #icf,68,7,7,,,UNSPECIFIED,UNSPECIFIED
https://encuentratucoach.es/pregunta-a-un-coach/tag/liderazgo,,https://encuentratucoach.es/pregunta-a-un-coach/tag/liderazgo,NO,YES,0,0,0.0,0.0,200,text/html; charset=utf-8,No indexable,noindex,https://encuentratucoach.es/pregunta-a-un-coach/tag/liderazgo,"noindex, follow",,Tag liderazgo | EncuentraTuCoach,Listado por tag liderazgo en Pregunta a un coach.,Preguntas con tag #liderazgo,83,9,9,,,UNSPECIFIED,UNSPECIFIED
https://encuentratucoach.es/pregunta-a-un-coach/tag/online,,https://encuentratucoach.es/pregunta-a-un-coach/tag/online,NO,YES,0,0,0.0,0.0,200,text/html; charset=utf-8,No indexable,noindex,https://encuentratucoach.es/pregunta-a-un-coach/tag/online,"noindex, follow",,Tag online | EncuentraTuCoach,Listado por tag online en Pregunta a un coach.,Preguntas con tag #online,114,18,14,,,UNSPECIFIED,UNSPECIFIED
https://encuentratucoach.es/pregunta-a-un-coach/tag/personal,,https://encuentratucoach.es/pregunta-a-un-coach/tag/personal,NO,YES,0,0,0.0,0.0,200,text/html; charset=utf-8,No indexable,noindex,https://encuentratucoach.es/pregunta-a-un-coach/tag/personal,"noindex, follow",,Tag personal | EncuentraTuCoach,Listado por tag personal en Pregunta a un coach.,Preguntas con tag #personal,71,9,9,,,UNSPECIFIED,UNSPECIFIED
https://encuentratucoach.es/pregunta-a-un-coach/tag/precio,,https://encuentratucoach.es/pregunta-a-un-coach/tag/precio,NO,YES,0,0,0.0,0.0,200,text/html; charset=utf-8,No indexable,noindex,https://encuentratucoach.es/pregunta-a-un-coach/tag/precio,"noindex, follow",,Tag precio | EncuentraTuCoach,Listado por tag precio en Pregunta a un coach.,Preguntas con tag #precio,71,9,9,,,UNSPECIFIED,UNSPECIFIED
https://encuentratucoach.es/pregunta-a-un-coach/tag/presencial,,https://encuentratucoach.es/pregunta-a-un-coach/tag/presencial,NO,YES,0,0,0.0,0.0,200,text/html; charset=utf-8,No indexable,noindex,https://encuentratucoach.es/pregunta-a-un-coach/tag/presencial,"noindex, follow",,Tag presencial | EncuentraTuCoach,Listado por tag presencial en Pregunta a un coach.,Preguntas con tag #presencial,69,9,9,,,UNSPECIFIED,UNSPECIFIED
https://encuentratucoach.es/pregunta-a-un-coach/tema/certificacion,,https://encuentratucoach.es/pregunta-a-un-coach/tema/certificacion,NO,YES,0,0,0.0,0.0,200,text/html; charset=utf-8,No indexable,noindex,https://encuentratucoach.es/pregunta-a-un-coach/tema/certificacion,"noindex, follow",,Preguntas sobre Certificación | EncuentraTuCoach,"Dudas reales sobre certificación, respuestas publicas y enlaces para seguir comparando coaches en la plataforma.",Preguntas sobre Certificación,141,9,7,,,UNSPECIFIED,UNSPECIFIED
https://encuentratucoach.es/pregunta-a-un-coach/tema/elegir-coach,,https://encuentratucoach.es/pregunta-a-un-coach/tema/elegir-coach,NO,YES,0,0,0.0,0.0,200,text/html; charset=utf-8,No indexable,noindex,https://encuentratucoach.es/pregunta-a-un-coach/tema/elegir-coach,"noindex, follow",,Preguntas sobre Elegir coach | EncuentraTuCoach,"Dudas reales sobre elegir coach, respuestas publicas y enlaces para seguir comparando coaches en la plataforma.",Preguntas sobre Elegir coach,159,11,9,,,UNSPECIFIED,UNSPECIFIED
https://encuentratucoach.es/pregunta-a-un-coach/tema/modalidad-online,,https://encuentratucoach.es/pregunta-a-un-coach/tema/modalidad-online,NO,YES,0,0,0.0,0.0,200,text/html; charset=utf-8,No indexable,noindex,https://encuentratucoach.es/pregunta-a-un-coach/tema/modalidad-online,"noindex, follow",,Preguntas sobre Coaching online | EncuentraTuCoach,"Dudas reales sobre coaching online, respuestas publicas y enlaces para seguir comparando coaches en la plataforma.",Preguntas sobre Coaching online,145,11,9,,,UNSPECIFIED,UNSPECIFIED
https://encuentratucoach.es/pregunta-a-un-coach/tema/precios,,https://encuentratucoach.es/pregunta-a-un-coach/tema/precios,NO,YES,0,0,0.0,0.0,200,text/html; charset=utf-8,No indexable,noindex,https://encuentratucoach.es/pregunta-a-un-coach/tema/precios,"noindex, follow",,Preguntas sobre Precios de coaching | EncuentraTuCoach,"Dudas reales sobre precios de coaching, respuestas publicas y enlaces para seguir comparando coaches en la plataforma.",Preguntas sobre Precios de coaching,150,11,9,,,UNSPECIFIED,UNSPECIFIED
https://encuentratucoach.es/privacidad,,https://encuentratucoach.es/privacidad,NO,YES,0,0,0.0,0.0,200,text/html; charset=utf-8,No indexable,noindex,https://encuentratucoach.es/privacidad,"noindex, follow",,Política de privacidad | EncuentraTuCoach,Información sobre tratamiento de datos personales en EncuentraTuCoach.es conforme al RGPD y la LOPDGDD.,Política de privacidad,945,206,204,,,UNSPECIFIED,UNSPECIFIED
https://encuentratucoach.es/que-es-el-coaching-y-para-que-sirve,,https://encuentratucoach.es/que-es-el-coaching-y-para-que-sirve,NO,YES,0,0,0.0,0.0,200,text/html; charset=utf-8,Indexable,,https://encuentratucoach.es/que-es-el-coaching-y-para-que-sirve,,,Qué es el coaching y para qué sirve | EncuentraTuCoach,"Guía práctica para entender qué es el coaching, cuándo tiene sentido, qué esperar en sesiones y cómo elegir un coach por especialidad y ciudad.",Qué es el coaching y para qué sirve,383,209,204,,,UNSPECIFIED,UNSPECIFIED
https://encuentratucoach.es/registro,,https://encuentratucoach.es/registro,NO,YES,0,0,0.0,0.0,200,text/html; charset=utf-8,No indexable,noindex,https://encuentratucoach.es/registro,"noindex, follow",,Registro | EncuentraTuCoach,"Crea tu cuenta para usar la plataforma. Si quieres publicar como coach, activarás la membresía después.",Crear cuenta,91,267,204,,,UNSPECIFIED,UNSPECIFIED
https://encuentratucoach.es/terminos-y-condiciones,,https://encuentratucoach.es/terminos-y-condiciones,NO,YES,0,0,0.0,0.0,200,text/html; charset=utf-8,No indexable,noindex,https://encuentratucoach.es/terminos-y-condiciones,"noindex, follow",,Términos y condiciones | EncuentraTuCoach,"Condiciones de uso de EncuentraTuCoach.es para Usuarios y Coaches, incluyendo membresía, responsabilidad y jurisdicción.",Términos y condiciones,1127,206,204,,,UNSPECIFIED,UNSPECIFIED
https://encuentratucoach.es/valores-personales-como-identificarlos-y-tomar-decisiones-mas-coherentes,,https://encuentratucoach.es/valores-personales-como-identificarlos-y-tomar-decisiones-mas-coherentes,NO,YES,0,0,0.0,0.0,308,,No indexable,Redirigido,,,,,,,0,0,0,https://encuentratucoach.es/blog/valores-personales-como-identificarlos-y-tomar-decisiones-mas-coherentes,Redirección HTTP,UNSPECIFIED,UNSPECIFIED
